cp,zona,localidades,municipio,provincia,lat,lon,km_linea_recta_a_Sollana,distancia_al_borde_km,mixto,forzado,coordenada_estimada
03001,B,"Alicante/Alacant","Alicante","Alicante",38.398849999999996,-0.5399,98.7,20.3,no,no,sí
03002,B,"Alicante/Alacant","Alicante","Alicante",38.398849999999996,-0.5399,98.7,20.3,no,no,sí
03003,B,"Alicante/Alacant","Alicante","Alicante",38.398849999999996,-0.5399,98.7,20.3,no,no,sí
03004,B,"Alicante/Alacant","Alicante","Alicante",38.398849999999996,-0.5399,98.7,20.3,no,no,sí
03005,B,"Alicante/Alacant","Alicante","Alicante",38.398849999999996,-0.5399,98.7,20.3,no,no,sí
03006,B,"Alicante/Alacant","Alicante","Alicante",38.398849999999996,-0.5399,98.7,20.3,no,no,sí
03007,B,"Alicante/Alacant","Alicante","Alicante",38.398849999999996,-0.5399,98.7,20.3,no,no,sí
03008,B,"Alicante/Alacant","Alicante","Alicante",38.398849999999996,-0.5399,98.7,20.3,no,no,sí
03009,B,"Alicante/Alacant","Alicante","Alicante",38.398849999999996,-0.5399,98.7,20.3,no,no,sí
03010,B,"Alicante/Alacant","Alicante","Alicante",38.398849999999996,-0.5399,98.7,20.3,no,no,sí
03011,B,"Alicante/Alacant","Alicante","Alicante",38.398849999999996,-0.5399,98.7,20.3,no,no,sí
03012,B,"Alicante/Alacant","Alicante","Alicante",38.398849999999996,-0.5399,98.7,20.3,no,no,sí
03013,B,"Alicante/Alacant","Alicante","Alicante",38.398849999999996,-0.5399,98.7,20.3,no,no,sí
03014,B,"Alicante/Alacant","Alicante","Alicante",38.398849999999996,-0.5399,98.7,20.3,no,no,sí
03015,B,"Alicante/Alacant","Alicante","Alicante",38.3681,-0.4696,101.5,22.8,no,no,no
03016,B,"Alicante/Alacant","Alicante","Alicante",38.398849999999996,-0.5399,98.7,20.3,no,no,sí
03070,B,"Alicante/Alacant","","Alicante",38.3452,-0.4815,104.1,25.5,no,no,no
03071,B,"Alicante/Alacant","","Alicante",38.3452,-0.4815,104.1,25.5,no,no,sí
03080,B,"Alicante/Alacant","","Alicante",38.3452,-0.4815,104.1,25.5,no,no,sí
03100,B,"Xixona; Segorb; Carrasqueta (Urbanizacion); Abio","Jijona/Xixona","Alicante",38.55,-0.4512,81.2,2.7,no,no,no
03108,A,"Alcoyes; Viola; Torre De Les Maçanes, La/Torremanzanas; Sierra Grana (Partida); Barranco Orta","Torremanzanas/Torre de les Maçanes, la","Alicante",38.6215,-0.4036,73.0,-5.7,no,no,no
03109,B,"Bonaire (Urbanizacion); Maigmo (Urbanizacion); Aljibe, El (Urbanizacion); Tibi; Torrosella; Pinares De Mecli (Urbanizacion)","Tibi","Alicante",38.53465,-0.5921000000000001,84.6,5.9,no,no,no
03110,B,"Cotoveta (Urbanizacion); Moli-Foc (Urbanizacion); Valle Del Sol (Urbanizacion); Collao, El (Partida); Bayona, La (Partida); Peñetes, Les / Penyetes (Les) (Urbanizacion); Volador, El / Volaor, El (Urbanizacion); Tosal Redo (Partida); Almajada, La (Urbanizacion); Benaud (Partida); Paulinas, Las / Paulines (Les) (Urbanizacion); Borrachina (Partida); Benessiu / Benissiu (Partida); Calvari (Partida); Señal, El (Partida); Ravel (Urbanizacion); Volveta Ganga; Capellans (Partida); Rio-Park (Urbanizacion); Olmos, Los (Urbanizacion); Calera, La (Urbanizacion); Serveres (Partida); Entredos, L' (Urbanizacion); Obrera, La (Partida); Pino, El / Pi, El (Urbanizacion); Gialma (Urbanizacion); Cantalar, El (Partida); San Peret / Sant Peret (Urbanizacion); Roseta, La (Urbanizacion); Marseta (Partida); Mutxamel; La Venteta; Peñacerrada; Girasoles, Los (Mutxamel) (Urbanizacion); Huerta, La (Mutxamel) (Urbanizacion)","Mutxamel","Alicante",38.4158,-0.4453,96.0,17.3,no,no,no
03111,B,"Pisnella (Partida); El Figueralet; Planet, El (Partida); Carril (Urbanizacion); Pla De Cabeco (Urbanizacion); Hoya Berenguer (Partida); Pla Lloma (Urbanizacion); Llano Pastores (Urbanizacion); Hoya De Parra; Cava, La (Busot); Vercheret (Partida); Hoya De Los Patos; Busot","Busot","Alicante",38.4821,-0.4192,88.6,9.8,no,no,no
03112,B,"Villafranqueza - Palamo; Chareus; Alicante/Alacant; Mariquitos; Tangel","Alicante","Alicante",38.4079,-0.4719,97.1,18.5,no,no,no
03113,B,"El Rebolledo; Foncalent / Font- Calent; Alicante/Alacant; Xeperut, Lo (Partida); Santa Ana (Rebolledo)","Elche","Alicante",38.35,-0.6167,105.2,26.5,no,no,no
03114,B,"Alicante/Alacant; Bacarot; Poligono Industrial Las Atalayas","Alicante","Alicante",38.3199,-0.5584,107.6,29.1,no,no,no
03115,B,"Monnegre","Alicante","Alicante",38.4877,-0.5409,88.9,10.5,no,no,no
03130,B,"Santa Pola","Santa Pola","Alicante",38.1935,-0.5646,121.6,43.1,no,no,no
03138,B,"Tabarca","Alicante","Alicante",38.398849999999996,-0.5399,98.7,20.3,no,no,sí
03139,B,"Elx/Elche; Vallverda/Valverde; Valverde (Elche) (Partida); El Vincle; Nova Vallverda; Barrio Alto; Valverde Bajo; Valverde Alto","Elche","Alicante",38.23555,-0.5965499999999999,117.4,38.8,no,no,no
03140,B,"San Jose (Camping); Pall-Mall (Camping); Chapaprietas, Los (Partida); Mare Nostrum (Camping); Pinada, La (Camping); Guardamar Del Segura","Guardamar del Segura","Alicante",38.0903,-0.6556,134.2,55.4,no,no,no
03149,B,"Moncayo; Almarjal; Los Rasos; San Bruno; Ventosala","","Alicante",38.0742,-0.6537,135.9,57.1,no,no,no
03150,B,"Dolores","Dolores","Alicante",38.1392,-0.77,131.0,51.3,no,no,no
03158,B,"Catral; San Felipe Neri; Casicas, Las / Casicas; Nonduermas; Hornos; Domingos, Los (Caserio); Rincon De Los Pablos; Palomar; Madrigueras","Catral","Alicante",38.1631,-0.8018,129.2,49.3,no,no,no
03159,B,"Cuatro Caminos; Llobregales; Daya Nueva; Puebla De Rocamora; Florida Alta (Partida); Puente De Mateos; Escorredor; Bodega, La (Dolores); Cuadra Nueva; Mayayo; Camino De San Fulgencio; Florida Baja (Partida); Vereda Del Pozo; Rincon De Los Pertusas (Partida)","Daya Nueva","Alicante",38.1186,-0.7615,133.0,53.5,no,no,no
03160,B,"Almoradi","Almoradí","Alicante",38.1088,-0.792,134.8,55.0,no,no,no
03169,B,"El Camino De La Maja; Lomas De La Juliana (Partida); La Venta; El Puente De Don Pedro; La Fogaria; El Bañet; La Pinada; Era Alta; Cruz De Galindo; El Gabato; El Raiguero; Algorfa; El Saladar; Almazarica (Caserio); Bañet (Caserio); El Camino De Catral","Algorfa","Alicante",38.13415,-0.7971,132.2,52.3,no,no,no
03170,B,"Ciudad Quesada; Rojales; La Garriga; Pepin (Lo) (Urbanizacion); El Nido","Rojales","Alicante",38.0883,-0.7257,135.6,56.4,no,no,no
03176,B,"Montebello; Garrofero, Lo (Partida); Lo Crispin","Algorfa","Alicante",38.1265,-0.797,133.0,53.2,no,no,sí
03177,B,"Los Martinez; San Fulgencio; Daya Vieja; Marina, La (Urbanizacion); Escuera, La (Urbanizacion); Lo Pedreño; Oasis (La Marina) (Urbanizacion); Pesqueras, Las (Partida)","Daya Vieja","Alicante",38.108999999999995,-0.7279500000000001,133.4,54.1,no,no,no
03178,B,"Talaya Park (Urbanizacion); Monteazul (Urbanizacion); Benijofar","Benijófar","Alicante",38.0779,-0.7368,136.9,57.7,no,no,no
03179,B,"Formentera Del Segura; Heredades; Los Palacios","Almoradí","Alicante",38.0873,-0.7365999999999999,135.9,56.6,no,no,no
03180,B,"Torrevieja","Torrevieja","Alicante",37.9787,-0.6822,146.8,67.9,no,no,no
03181,B,"Torrevieja","Torrevieja","Alicante",37.9794,-0.6836,146.7,67.9,no,no,no
03182,B,"Torrevieja","Torrevieja","Alicante",37.9794,-0.6724,146.6,67.7,no,no,no
03183,B,"Torrevieja","Torrevieja","Alicante",37.9907,-0.666,145.2,66.4,no,no,no
03184,B,"Torrevieja","Torrevieja","Alicante",37.9948,-0.6869,145.1,66.2,no,no,no
03185,B,"Torrevieja","Torrevieja","Alicante",37.9687,-0.6991,148.2,69.2,no,no,no
03186,B,"Torrevieja","Torrevieja","Alicante",37.9787,-0.6822,146.8,67.9,no,no,no
03187,B,"Perez, Los (Ayuntamiento Los Montesinos); Los Montesinos; Miras, Los (Montesinos); La Marquesa; Los Pinicos; Lo Blanque; Los Paredes; Lo Sastre; La Rafaela; Las Casitas; Herrada, La (Urbanizacion)","Montesinos, Los","Alicante",38.0273,-0.745,142.6,63.3,no,no,no
03188,B,"Torrevieja","Torrevieja","Alicante",38.0127,-0.6602,142.7,63.9,no,no,no
03189,B,"Filipinas (Urbanizacion); Las Mimosas; Florida, La (Orihuela-Costa) (Urbanizacion); Villacostas (Urbanizacion); Oleza (Urbanizacion); Orihuela-Costa (Nucleo); Lomas De San Juan (Urbanizacion); Almendros, Los (Orihuela-Costa) (Urbanizacion); Torre Zenia (Urbanizacion); Dehesa De Campoamor (Urbanizacion); Flamenca (Playa); Serena Ii (Urbanizacion); Solana, La (Urbanizacion); Castillo De Don Juan; Horizonte, El (Urbanizacion); La Regia; Las Solanas; El Gato; Monte Zenia; Los Dolses; La Zenia; Villamartin; Cabo Roig; Punta Prima","Orihuela","Alicante",37.9307,-0.7285,152.8,73.7,no,no,no
03190,B,"Pilar De La Horadada","Pilar de la Horadada","Alicante",37.8659,-0.7926,161.0,81.5,no,no,no
03191,B,"Pinar De Campoverde; Pueblo Latino (Urbanizacion); Torre De La Horadada; Los Saez; Cañada De Praes / Caña De Praez; Hortelanos, Los (Caserio); Mil Palmeras (Urbanizacion)","Orihuela","Alicante",37.888000000000005,-0.79755,158.7,79.2,no,no,no
03193,B,"Presidente, El / Urbanizacion El Presidente (Urbanizacion); San Miguel De Salinas","San Miguel de Salinas","Alicante",37.9797,-0.789,148.6,69.0,no,no,no
03194,B,"La Marina Del Pinet; Molar, El (Partida); Pinet, El (Partida)","Elche","Alicante",38.2622,-0.7011,116.3,37.0,no,no,sí
03195,B,"El Altet; Balsares, Los (Altet); Los Arenales Del Sol","Elche","Alicante",38.27275,-0.5384,112.6,34.1,no,no,no
03200,B,"Elx/Elche","","Alicante",38.2622,-0.7011,116.3,37.0,no,no,no
03201,B,"Elx/Elche","Elche","Alicante",38.2622,-0.7011,116.3,37.0,no,no,no
03202,B,"Elx/Elche","Elche","Alicante",38.2622,-0.7011,116.3,37.0,no,no,no
03203,B,"Elx/Elche; Parque Industrial De Elche (Poligono Industrial)","Elche","Alicante",38.2622,-0.7011,116.3,37.0,no,no,no
03204,B,"Elx/Elche","Elche","Alicante",38.2622,-0.7011,116.3,37.0,no,no,no
03205,B,"Carrus (Elche) (Partida); Elx/Elche","Elche","Alicante",38.2622,-0.7011,116.3,37.0,no,no,no
03206,B,"Elx/Elche","Elche","Alicante",38.2622,-0.7011,116.3,37.0,no,no,no
03207,B,"Elx/Elche; Altabix (Elche) (Partida)","Elche","Alicante",38.2622,-0.7011,116.3,37.0,no,no,no
03208,B,"Elx/Elche","Elche","Alicante",38.2622,-0.7011,116.3,37.0,no,no,sí
03290,B,"Elx/Elche; Alzabares (Elche) (Partida)","Elche","Alicante",38.2622,-0.7011,116.3,37.0,no,no,no
03291,B,"Ferriol (Elche) (Partida); Vallonga, De La (Elche) (Partida); Elx/Elche","Elche","Alicante",38.2622,-0.7011,116.3,37.0,no,no,no
03292,B,"Elx/Elche; Asprillas (Elche) (Partida); Bayas, Las (Elche) (Partida)","Elche","Alicante",38.2622,-0.7011,116.3,37.0,no,no,sí
03293,B,"Llano De San Jose (Elche) (Partida); Derramador (Elche) (Partida); Algoros (Elche) (Partida); Elx/Elche","Elche","Alicante",38.2622,-0.7011,116.3,37.0,no,no,no
03294,B,"Elx/Elche; Daimes (Elche) (Partida); Foia, La (Elche) (Partida)","Elche","Alicante",38.2622,-0.7011,116.3,37.0,no,no,sí
03295,B,"Maitino (Elche) (Partida); Elx/Elche; Perleta (Elche) (Partida); Jubalcoi (Elche) (Partida); Saladas (Elche) (Partida)","Elche","Alicante",38.2622,-0.7011,116.3,37.0,no,no,sí
03296,B,"Peña De Las Aguilas (Elche) (Partida); Matola (Elche) (Partida); Puzol (Elche) (Partida); Elx/Elche; Algoda (Elche) (Partida)","Elche","Alicante",38.2622,-0.7011,116.3,37.0,no,no,sí
03300,B,"Orihuela; Los Huertos","Orihuela","Alicante",38.087,-0.9469,141.2,60.4,no,no,no
03310,B,"Jacarilla; Correntias Bajas (Jacarilla)","Orihuela","Alicante",38.0619,-0.8681,141.6,61.5,no,no,no
03311,B,"Camino De En Medio; Bonanza (Raiguero De); Molino De La Ciudad; La Aparecida","Orihuela","Alicante",38.0806,-1.0087,143.8,62.3,no,no,no
03312,B,"Los Desamparados; Las Norias; Arneva","Orihuela","Alicante",38.0575,-0.9824,145.3,64.3,no,no,no
03313,B,"Alcachofar; Rebate; Hurchillo; Torremendo","Orihuela","Alicante",38.02545,-0.8938,146.2,66.0,no,no,no
03314,B,"San Bartolome","Orihuela","Alicante",38.0943,-0.8613,138.0,57.9,no,no,no
03315,B,"Cutillas, Los (Caserio); Perez, Los (Caserio); Pinos, Los (Caserio); Asensios, Los (Caserio); Candel, Lo (Caserio); Carmen, Lo (Caserio); Vives, Los (Caserio); Mazones, Los (Caserio); Gavilanes, Los (Caserio); Torre Ines (Caserio); Cabecico, El (Caserio); Ronderos, Los (Caserio); Los Riquelmes; La Murada","Orihuela","Alicante",38.1712,-0.9633,133.0,51.6,no,no,no
03316,B,"Benferri; La Matanza; Montepinar (Urbanizacion)","Orihuela","Alicante",38.14205,-0.9814,136.6,55.1,no,no,no
03317,B,"Media Legua; La Naya; Bodega, La (Orihuela); El Escorratel; Viejo De Callosa (Camino); Los Carasos / Carazos; Virgen Del Camino (Partida)","Callosa de Segura","Alicante",38.1137,-0.942,138.3,57.4,no,no,no
03318,B,"Lo Rocamora; Los Vicentes","","Alicante",38.1738,-0.9647,132.7,51.4,no,no,no
03319,B,"Entrenaranjos / Urb. Entre Naranjos (Urbanizacion)","","Alicante",38.1134,-0.9208,137.7,57.0,no,no,sí
03320,B,"Torrellano","Elche","Alicante",38.293,-0.5881,111.0,32.4,no,no,no
03321,B,"Correntias Medias; Chapitel (Vereda); Fabregal (Vereda)","","Alicante",38.0833,-0.8167,138.1,58.2,no,no,no
03322,B,"Brunete (Vereda); Molins; Don Faustino (Vereda); Serranos (Vereda)","","Alicante",38.0833,-0.8167,138.1,58.2,no,no,no
03325,B,"La Campaneta; Barrio Carretera (Campaneta); Puente Los Cirios","","Alicante",38.0873,-0.88615,139.4,59.1,no,no,no
03330,B,"Crevillent","Crevillent","Alicante",38.2491,-0.8095,120.2,40.2,no,no,no
03339,B,"Estacio, L' (Crevillente) (Partida); San Pascual; Amoros (Partida); Molinos De Magro / Molins De Magro (Partida); Molineta, La (Partida); Barranco De San Cayetano; Barranco San Cayetano (Partida); Los Campillos; Carga (Partida); Monje (Partida); Boch; Mangranera, La (Partida); Marchant (Partida); Cachap, El (Partida); Barrio De La Estacion De Crevillente; El Realengo","Crevillent","Alicante",38.237449999999995,-0.7979499999999999,121.2,41.2,no,no,no
03340,B,"Albatera","Albatera","Alicante",38.179,-0.8711,129.3,49.0,no,no,no
03348,B,"Granja De Rocamora; Los Monecillos; Mos Del Bou","Granja de Rocamora","Alicante",38.1516,-0.8917,132.8,52.3,no,no,no
03349,B,"Arzabon (Partida); San Isidro De Albatera; Cabezo, El (Zona); Gallegos, Los (Zona)","San Isidro","Alicante",38.1725,-0.8387,129.1,49.0,no,no,no
03350,B,"Motor Del Carmen; Los Collereros; El Salar; Jabonero, Lo (Partida); Huerta, La (Callosa Segura); Polanco, Lo (Partida); Callosilla (Orihuela); Montero, Lo (Orihuela); Cox; Los Diaz; San Isidro (Paraje); Rambleta (Paraje); Puntas, Los (Partida)","Cox","Alicante",38.1696,-0.8668,130.2,49.9,no,no,no
03360,B,"Muñosa, La (Partida); Perpen, Lo (Grupo); Barrio El Palmeral; Cartagena, Lo (Callosa De Segura) (Grupo); Callosa De Segura; Palmeral, El (Poblado); Vereda De Los Cubos; Almunia (Cami); Serrana, La (Camino); Cerca, Lo (Partida); Benimira (Partida); Orilla Acequia (Grupo); Almajal (Cami); San Pedro (Grupo); Benejuzar, Viejo / Camino Viejo De Benejuzar (Camino); San Jose; Ferrocarril, Paralelo (Camino); Yesera, La (Partida); Barrio Cementerio; San Roque; Barrio Los Dolores","Callosa de Segura","Alicante",38.125,-0.8782,135.2,54.9,no,no,no
03369,B,"Mudamiento; Baden, El (Partida); Rafal","Orihuela","Alicante",38.0081,-0.8634999999999999,147.2,67.2,no,no,sí
03370,B,"San Carlos; Redovan; La Magdalena; Los Benitos","Redován","Alicante",38.1162,-0.9098,137.0,56.5,no,no,no
03380,B,"Bigastro; Correntias Bajas (Bigastro)","Bigastro","Alicante",38.0622,-0.8978999999999999,142.4,62.1,no,no,no
03390,B,"Secano De Barracas; Benejuzar","Benejúzar","Alicante",38.0773,-0.8394,139.3,59.3,no,no,no
03400,A,"Villena","Villena","Alicante",38.635,-0.8642,82.7,-0.0,no,sí,no
03408,A,"Tiesas, Las (Partida); Encina, La (Nucleo); Zafra, La (Nucleo)","Villena","Alicante",38.635,-0.8642,82.7,-0.0,no,sí,sí
03409,A,"Las Virtudes; Cañada","Cañada","Alicante",38.649950000000004,-0.87195,81.6,-0.5,sí,no,no
03410,A,"Biar","Biar","Alicante",38.6294,-0.7658,79.4,-1.6,no,no,no
03420,A,"Castalla; Sarganella","Castalla","Alicante",38.5945,-0.6724,80.0,0.3,no,sí,no
03430,A,"Onil","Onil","Alicante",38.6297,-0.6731,76.3,-3.5,no,no,no
03440,A,"Ibi","Ibi","Alicante",38.6227,-0.5754,74.7,-3.9,no,no,no
03450,A,"Molines, Les; La Marjal; Banyeres De Mariola","Banyeres de Mariola","Alicante",38.7167,-0.65,66.5,-13.3,no,no,no
03459,A,"Villa-Rosa (Caserio); Casas De Maestre; Casas De Beneyto (Caserio)","","Alicante",38.7167,-0.65,66.5,-13.3,no,no,sí
03460,A,"Beneixama","Beneixama","Alicante",38.7011,-0.7655,72.2,-9.4,no,no,no
03469,A,"El Salse; Penyetes (Partida); Casas Del Rio; Balsa, La (Partida); El Campo De Mirra/Camp De Mirra","Campo de Mirra/Camp de Mirra, el","Alicante",38.695,-0.75175,72.2,-9.0,no,no,no
03500,A,"Benidorm","","Alicante",38.5382,-0.131,85.1,0.4,no,sí,no
03501,A,"Benidorm","Benidorm","Alicante",38.5378,-0.1313,85.1,0.5,no,sí,no
03502,A,"Benidorm; Tolls (Partida)","Benidorm","Alicante",38.5417,-0.1395,84.5,0.1,no,sí,no
03503,A,"Saltet (Partida); Lloma (Partida); Armanello (Partida); Foya Manera, La (Partida); Almafra (Partida); Coves (Partida); Benidorm","Benidorm","Alicante",38.5418,-0.106,85.3,0.4,no,sí,no
03508,A,"Benidorm","","Alicante",38.5382,-0.131,85.1,0.4,no,sí,no
03509,A,"Figueretes (Partida); Molino, El (Urbanizacion); Ramal De Loix (Urbanizacion); Tapiada, La (Urbanizacion); Golf Bahia (Urbanizacion); Hortetes, Les (Partida); Tamarit, El (Urbanizacion); Finestrat","Finestrat","Alicante",38.5679,-0.2118,80.3,-1.9,no,no,no
03510,A,"Callosa D'En Sarria; Marchequivir; Almedia; Tosal De Banderes","Callosa d'En Sarrià","Alicante",38.65,-0.1167,73.5,-11.0,no,no,no
03516,A,"Benimantell","Benimantell","Alicante",38.676,-0.2098,68.6,-13.8,no,no,no
03517,A,"Benifato; Confrides; Abdet; El Castell De Guadalest; Beniarda","Confrides","Alicante",38.684,-0.2291,67.4,-14.5,no,no,no
03518,A,"Bolulla; Tarbena; Algar, El (Partida)","Bolulla","Alicante",38.685249999999996,-0.1068,70.1,-14.4,no,no,no
03519,A,"Chines","","Alicante",38.6789,-0.1901,68.7,-14.4,no,no,sí
03520,A,"Alberca, La (Urbanizacion); Bovalar (Urbanizacion); Cotelles; Chirles (Nucleo); Torrent (Partida); Fonts, Les (Partida); Pla De Terol (Urbanizacion); Raco (Partida); Campulles (Partida); Creueta, La (Urbanizacion); Polop","Polop de Marina","Alicante",38.6208,-0.1325,76.2,-8.5,no,no,no
03530,A,"Torre, La (Urbanizacion); Pla De Garaita (Urbanizacion); Arcos, Los (Urbanizacion); Kristal (Urbanizacion); Dorado, El (Urbanizacion); Arcos Norte (Urbanizacion); Nou Espai I (Urbanizacion); Valle, El (Urbanizacion); La Nucia; Panorama (La Nucia); Maylan (Urbanizacion); Nou Espai Ii (Urbanizacion); Entrepinos (Urbanizacion); Patrax (Urbanizacion); Las Vegas; Montahud (Urbanizacion); Bello Horizonte / Bell Horitzo (Urbanizacion); Varadero (Urbanizacion); Holiday - Club; Nucia Hills, La / Nucia-Hill; Muixara, La (Urbanizacion); Coloma (Urbanizacion); Perla, La (Urbanizacion); Floriana (Urbanizacion); Patricia (Urbanizacion); Hapimag (Urbanizacion); Barranco Hondo / Baranc Fondo; Montecasino (Urbanizacion); Orquideas, Las (Urbanizacion); Caravana (Urbanizacion); Montebello; Pinar De Garaita (Urbanizacion); Sol Saliente (Urbanizacion); Olivos, Los (Urbanizacion); Rosales (Urbanizacion); Tosal, El / Tossal, El (Urbanizacion); Puerta De Hierro (Urbanizacion); Tosal (Urbanizacion); Nucia-Park (Urbanizacion); Promere Bella Vista (Urbanizacion); Puerto Azul (Urbanizacion); Colina, La (Urbanizacion); Arcos Este (Urbanizacion); Cautivador","La Nucia","Alicante",38.6137,-0.1269,77.1,-7.6,no,no,no
03540,B,"Alicante/Alacant; Cabo De Las Huertas","Alicante","Alicante",38.398849999999996,-0.5399,98.7,20.3,no,no,sí
03550,B,"Fabraquer (Ayuntamiento San Juan); Salafranca (Urbanizacion); La Font; Mezquitas, Las, F-Ii Y Iii (Urbanizacion); Rajoletes / Racholetes (Urbanizacion); Santa Faz (San Juan); Benimagrell; Huertas; Frank Espinos; Racholetes (Urbanizacion); Lloixa; Sant Joan D'Alacant","Sant Joan d'Alacant","Alicante",38.4015,-0.4325,97.6,18.8,sí,no,no
03559,B,"Orgegia; Apostoles, Los (Urbanizacion); Santa Faz (Alicante); Alicante/Alacant","Alicante","Alicante",38.398849999999996,-0.5399,98.7,20.3,no,no,sí
03560,B,"Cala D'Or (Urbanizacion); Muchavista (Playa); Poblet, El (Urbanizacion); El Campello; Banyets, Els (Urbanizacion); Amerador, L; Messell, El (Poligono Industrial); Pueblo Acantilado; Mezquitas, Las (Urbanizacion); Urbanizacion Bonanza (Urbanizacion); Alkabir (Urbanizacion); Bonny Barrio; Colonia Trinidad; Venta Lanuza; La Almadraba; Coveta Fuma; La Merced","El Campello","Alicante",38.4288,-0.3977,94.4,15.4,no,no,no
03569,B,"Aigües","Aigües","Alicante",38.5006,-0.3638,86.5,7.1,no,no,no
03570,B,"La Villajoyosa/Vila Joiosa; Plans; Era Soler; Almiserat (Partida); Aixihuili (Partida); Plands (Urbanizacion); Salomo, El (Partida); Robella, La (Partida); Galandu (Partida); Montiboli (Urbanizacion); Carrichal (Partida); Gasparot (Urbanizacion); Mediases; Bol Nou (Partida); Setines (Partida); Barberes; Rodacucos (Partida); Poligono Industrial El Torres; Chovades; Montesol; Amunt De L'Horta (D) (Partida); Sainvi (Urbanizacion); Parais; Alcocons; Torretes (Partida); Atalayas (Villajoyosa); Secanet; Charco, El (Partida)","Villajoyosa","Alicante",38.5101,-0.2335,86.4,4.6,no,no,no
03578,A,"Relleu","Relleu","Alicante",38.5876,-0.3115,77.0,-3.0,no,no,no
03579,A,"Orxeta; Sella","Sella","Alicante",38.58625,-0.26725,77.6,-3.3,no,no,no
03580,A,"Devesa; El Tosalet (Alfaz Del Pi) /Tossalet; Oasis (Urbanizacion); Cautivador (Urbanizacion); Entre Naranjos -Flores; Barranco Hondo / Barranc Fondo (Urbanizacion); Pla Del Devesa (Urbanizacion); Residence Park (Urbanizacion); Limoneros (Urbanizacion); Foya Blanca / Foia Blanca (Urbanizacion); Romeral, El (Urbanizacion); Alfas Del Pi, L'; Colonia Escandinavia / Escandinavia; Jardin De Alfaz (Urbanizacion)","l'Alfàs del Pi","Alicante",38.58255,-0.10245,81.0,-3.6,no,no,no
03581,A,"Guixa, La (Partida); Sant Pere (Partida); Alfas Del Pi, L'-Playa / Alfas Del Pi-Playa (Nucleo); Albir, L' (Nucleo); Lloma, La (Partida); Estrada, La (Urbanizacion)","l'Alfàs del Pi","Alicante",38.7311,-0.0691,66.6,-17.9,no,no,sí
03589,A,"Santa Fe (Urbanizacion)","","Alicante",38.7311,-0.0691,66.6,-17.9,no,no,sí
03590,A,"Planet, El (Altea); Cap Blanc (Altea) (Urbanizacion); Olla, L'; Altea","Altea","Alicante",38.6077,-0.04215,80.2,-4.3,no,no,no
03599,A,"Mimosas, Las (Urbanizacion); Sogay (Partida); Pueblo Mascarat; Altea Hills (Zona); Pila, La (Partida); La Galera; Riquet (Partida); Alhama Springs (Urbanizacion); Villa Gadea; Font De Ferrer (Partida); El Mascarat; Carretera De Callosa Ensarria (Altea La Vella) (Carretera); Altea La Vella; Puerto Campomanes-Grenwich (Urbanitzacio); Galera De Las Palmeras (Urbanizacion)","Altea","Alicante",38.6333,-0.0167,78.4,-6.2,no,no,no
03600,B,"Camara; Elda; Molinos, Los (Elda); Azafranar; La Horteta; Huerta Nueva; Sigmat; Boveda; Pata; El Chorrillo; Campico; Agualejas; Barranco Gobernador; Bateig; Campo Alto; El Monastil; La Siesta; Jaud","Elda","Alicante",38.47795,-0.7887,95.6,15.1,no,no,no
03610,B,"Caprala; Petrer; Pedreras, Las (Petrel); Almafra (Zona); Troset (Zona); Loma Bada (Urbanizacion); Salinetas De Petrel; Palomaret; Guirney; Rebenton / Rebento, El (Partida); Santa Barbara (Zona); Pusa / Puça; Cati; Genibre / Ginibre (Partida); Aguarrios (Zona); El Cid; Llovera / Llobera, La (Partida)","Petrer","Alicante",38.50665,-0.76815,92.0,11.6,no,no,no
03630,B,"Sax","Sax","Alicante",38.5366,-0.8204,90.7,9.4,no,no,no
03638,B,"Salinas","Salinas","Alicante",38.5191,-0.913,96.0,13.3,no,no,no
03639,A,"La Colonia De Santa Eulalia","Villena","Alicante",38.635,-0.8642,82.7,-0.0,no,sí,sí
03640,B,"Peñetas / Peñetes (Partida); Cavarrasa (Partida); Siri, El (Partida); Monover/Monovar; Barrio Cenefa (Extrarradio); Cenia, La (Monover/Monovar) (Partida); Molinos, Los (Casa); Charco Amargo (Casas); Romaneta; Cantarranas (Partida); Bellich (Partida); Beties (Partida); Buitrera (Partida); Rejuela, La (Partida); Collado Novelda (Partida); Cavafria (Partida); Zafarich (Partida); Cañaeta (Partida); Esvarador (Partida); Basso (Partida); Collado De Victoriano; Bull (Partida); Collado Almendro (Partida); Fumarol (Partida); Collado Azorin (Partida); Cañada Farina (Partida); Hondon Bajo (Partida); Hondon Alto (Partida); El Gallo; Alquebla (Partida); Chinorla; Bilaire (Partida); Falcones; Pedrera (Monover/Monovar)","Monóvar/Monòver","Alicante",38.4381,-0.8406,101.4,20.4,no,no,no
03649,B,"Almorqui (Casa); Cañadas De Don Ciro / Canyades D'En Cirus; Mañan / Manya; Rambleta, La (Partida); Solaneta (Partida); Chinorlet / Xinorlet; Casas De Juan Blanco / Cases Joan Blanco; Fuente Del Pino (Partida); Casas Del Señor / Cases Del Senyor; Collado De Salinas; Madara; Casas De Sanchiz / Cases De Sanchis; Cañada Roja","Monóvar/Monòver","Alicante",38.4508,-0.9438,104.0,21.3,no,no,no
03650,B,"Pinoso","Pinós, el/Pinoso","Alicante",38.4016,-1.042,112.9,29.9,no,no,no
03657,B,"Raspay; Casas De Ibañez; Capellania; Paredon","Pinós, el/Pinoso","Murcia",38.4418,-1.0816,110.9,28.5,no,no,no
03658,B,"Los Purgateros; El Faldar; Tejera, La (Pinoso); Casas Del Hospital; Camarillas; Prado; Sonca; Lel; Culebron; Ubeda; Encebras; Rodriguillo","Pinós, el/Pinoso","Alicante",38.4217,-0.994,108.9,26.0,no,no,no
03659,B,"Cañada Del Trigo; La Caballusa","Pinós, el/Pinoso","Alicante",38.4149,-1.0072,110.1,27.2,no,no,sí
03660,B,"Molinos, Los (Novelda); Cucuch; Fuente La Reina; La Ledua; Salinetas De Novelda; Casas De Sala; Duayme; Horna Baja; Campet; Serreta (Novelda); Novelda; Horna Alta","Novelda","Alicante",38.3753,-0.7901,106.4,26.2,no,no,no
03668,B,"La Solana De Algueña; Algueña","Algueña","Alicante",38.3385,-1.0033,117.5,34.7,no,no,no
03669,B,"Algayat; La Romana; Los Leros; Alcana; Barrio De San Anton; Batistes; Los Palaos; Los Joveres; Beltrans / Beltran; Los Pomares; Canicios; La Boquera","Romana, la","Alicante",38.357150000000004,-0.90035,111.8,30.4,no,no,no
03670,B,"Monforte Del Cid","Monforte del Cid","Alicante",38.3803,-0.7285,104.2,24.5,no,no,no
03679,B,"Pozoblanco; El Llano Bajo; Baños Nuestra Señora De Orito; Orito; Serreta, La (Monforte Cid); El Llano Alto; Espejeras; Capitania, La (Monforte Cid) (Urbanizacion); Ermita De San Pascual","Monforte del Cid","Alicante",38.39775,-0.6936,101.5,22.1,no,no,no
03680,B,"Aspe; Tejera, La (Partida)","Aspe","Alicante",38.3442,-0.7676,109.0,29.1,no,no,no
03688,B,"La Canalosa; El Rebalso; La Solana; Fondo De Les Neus, El/Hondon De Las Nieves; Cava, La (Hondon De Las Nieves)","Fondó de les Neus, el/Hondón de las Nieves","Alicante",38.3084,-0.885,116.3,35.3,no,no,no
03689,B,"Casas De Galiana; Hondon De Los Frailes; Barbarroja; Casas De Cofer","Fondó de les Neus, el/Hondón de las Nieves","Alicante",38.2767,-0.9294,121.0,39.6,no,no,no
03690,B,"Boqueres; Sant Vicent Del Raspeig","San Vicente del Raspeig/Sant Vicent del Raspeig","Alicante",38.3964,-0.5255,98.8,20.4,no,no,no
03698,B,"Agost","Agost","Alicante",38.4386,-0.6386,95.9,17.0,no,no,no
03699,B,"La Cañada; La Alcoraya; Moralet; Verdegas; Monteros, Los (San Vicente Del Raspeig); Monteaud","Alicante","Alicante",38.4011,-0.5825,99.0,20.5,no,no,no
03700,A,"Marines; Quijote; Saladar; Pedrera, La (Denia); Balcon (Denia); Mirambells; Galeretes; Tossal Gross (Partida); Los Rotes; Florida (Denia); Tosalet (Denia); Belems; Campusos; Punta Negra; Altomira; Troyas; Lloma De Castazar; Galeras; Bovetes; Denia; El Palmar; Suertes Del Mar; Santa Paula; Santa Lucia; Corral De Calafat","Dénia","Alicante",38.85,0.0729,61.8,-25.7,no,no,no
03709,A,"Hersi La Plana (Partida); Casablanca (Partida); Planes, Les (Partida); Pinella (A Y B) (Partida); Benimaquia (Partida); Planes De Elias (Partida); Xara, La (Nucleo)","Dénia","Alicante",38.8508,0.0175,58.8,-27.5,no,no,sí
03710,A,"Corralets (Urbanizacion); Colari (Urbanizacion); Calalga (Urbanizacion); Calp; Ifach; Ricarlos (Urbanizacion); Adelfas, Las (Urbanizacion); Merced (Urbanizacion); Benicolada (Urbanizacion); Cometa, La (Calpe) (Urbanizacion); Carrio (Urbanizacion); Maryvilla; Basetes, Les (Urbanizacion); Pla De Mar (Partida); Marisol - Park (Urbanizacion); Oltamar (Urbanizacion); Pinos, Los (Partida); Ortembach (Urbanizacion); La Canuta","Calp / Calpe","Alicante",38.641000000000005,0.038849999999999996,79.7,-5.2,no,no,no
03720,A,"Fustera; Pedramala; Montemar; Berdica; Benissa; San Jaime-Benissa; Baladrar (Partida); Bellita; Patmore (Partida); Bonaire; Quisi; Fanadix (Benissa) (Partida); Benimarco (Benissa); Paratella; Pinos; Canor","Benissa","Alicante",38.694950000000006,0.0701,75.7,-9.8,no,no,no
03723,A,"Llosa De Camacho","Alcalalí","Alicante",38.7727,-0.0071,64.9,-20.3,no,no,no
03724,A,"Fanadix (Moraira/Teulada) (Partida); Cap Blanc (Moraira/Teulada) (Urbanizacion); San Jaime (Urbanizacion); Moravit; Pinar Del Advocat (Partida); Sabatera, La (Urbanizacion); Benimeit (Zona); Paichi (Urbanizacion); Moraira; Cometa, La (Moraira/Teulada) (Partida); Alcasar","Teulada","Alicante",38.689,0.1422,79.7,-7.0,no,no,no
03725,A,"Teulada; Castellons (Partida); Benimarco (Partida)","Teulada","Alicante",38.7289,0.1034,74.1,-12.3,no,no,no
03726,A,"Poble Nou De Benitatxell, El/Benitachell; Benitachell (Nucleo); Benicambra (Partida); Cumbre Del Sol; Yuca (Partida); Abiar, L' (Partida); Pueblo Alcasar","Benitachell/Poble Nou de Benitatxell, el","Alicante",38.7327,0.1435,75.8,-11.4,no,no,no
03727,A,"Xalo","Xaló","Alicante",38.7406,-0.0113,67.8,-17.1,no,no,no
03728,A,"Alcalali; La Solana; Benarrosa (Zona); Vereda Park (Urbanizacion); Cumbres De Alcalali (Urbanizacion); Trosos, Los (Zona)","Alcalalí","Alicante",38.7504,-0.0401,65.7,-19.0,no,no,no
03729,A,"Lliber; Cometa (Senija); Senija","Senija","Alicante",38.7283,0.0415,71.3,-14.2,no,no,no
03730,A,"Xabia/Javea; Aduanas De Mar","Javea","Alicante",38.7713,-0.0145,64.7,-20.3,no,no,sí
03737,A,"Montgo-Toscamar; Ermita (Urbanizacion)","Javea","Alicante",38.7713,-0.0145,64.7,-20.3,no,no,sí
03738,A,"Cap Marti; Bahia De Javea (Urbanizacion); Parque Calablanca (Urbanizacion); Trencal; Costa Nova (Urbanizacion); Balcon Al Mar (Javea/Xabia) (Urbanizacion); Costa Nova; Arenal; Toscal","Javea","Alicante",38.7713,-0.0145,64.7,-20.3,no,no,sí
03739,A,"Los Cerezos; Lluca; La Mandarina; Sol Del Este; Rafalet (Urbanizacion); Alborada (Urbanizacion); Tosalet, El (Javea/Xabia)","Javea","Alicante",38.7713,-0.0145,64.7,-20.3,no,no,sí
03740,A,"Tossals; La Faja; Comes; Mirandas; Ecles Altos; Gaya; Mirandes; Senies; Troset; Miralbons; Bolerias; Serillars; Ecles Bajos; Cuadros; Gata De Gorgos","Gata de Gorgos","Alicante",38.7744,0.0854,69.1,-17.5,no,no,no
03749,A,"Alqueria Gasens; Foyes Blanques; Ferrandos; Planises; Los Lagos; Senieta Reina; Rompudetes; Tosal Roig; Sun Valley; Biserot; Cova Ampla; Casas Nuevas; Tosal; Jesus Pobre","Dénia","Alicante",38.69115,0.0007500000000000007,73.2,-11.6,no,no,no
03750,A,"Monte Pedreguer / Muntanya De Pedreguer (Urbanizacion); Monte Sella / Muntanya De La Sella (Urbanizacion); Ventas De Pedreguer; Barranco Parra; Cometa-Orbeta; Pedreguer","Pedreguer","Alicante",38.7941,0.0344,64.8,-21.2,no,no,no
03759,A,"Benidoleig; Cueva De Las Calaveras; Rincon Del Silencio (Urbanizacion); Colina Del Sol (Urbanizacion); España La Vieja (Urbanizacion); Aldea De Las Cuevas (Urbanizacion)","Benidoleig","Alicante",38.7922,-0.0305,62.0,-23.0,no,no,no
03760,A,"Viñals (Partida); Tosals (Partida); Ondara; Pamis","Ondara","Alicante",38.81815,0.01465,61.6,-24.3,no,no,no
03769,A,"Sanet Y Negrals; El Rafol D'Almunia; Benimeli; Montesano","Benimeli","Alicante",38.8212,-0.0418,58.7,-26.3,no,no,no
03770,A,"El Verger","Dénia","Alicante",38.8471,0.0103,58.7,-27.4,no,no,no
03778,A,"Beniarbeig","Beniarbeig","Alicante",38.8224,-0.0038,60.3,-25.3,no,no,no
03779,A,"Molinell (Nucleo); Almetlerals (Partida); Alters (Partida); Barranquet (Partida); Traveses (Partida); Deveses (Partida); Pueblo Naranjo (Urbanizacion); Sisques (Partida); Sorts De La Mar (Partida); Setla (Nucleo); Playa Santa Ana; Almadrava (Playa); Miraflor (Nucleo); Mirarrosa (Nucleo); Buscarrons (Urbanizacion); Xironets (Partida); Poblets, Els","Dénia","Alicante",38.8508,0.0175,58.8,-27.5,no,no,no
03780,A,"Pego","Dénia","Alicante",38.8414,-0.117,53.7,-30.8,no,no,no
03786,A,"Forna; Beniaia / Beniaya (Nucleo); Adsubia (Ajuntament Adsubia); La Vall D'Alcala","Adsubia","Alicante",38.83505,-0.2113,51.4,-31.2,no,no,no
03788,A,"Patro; Alcala De La Jovada; Llombay; Benirrama (Nucleo); Beniali (Nucleo); Benitaia (Nucleo); Vall De Gallinera; Benisiva (Nucleo); Carroja, La (Nucleo); Benisili / Benissili","Vall de Gallinera","Alicante",38.8156,-0.2624,52.5,-28.5,no,no,no
03789,A,"Monte Pego (Urbanizacion); La Vall D' Ebo","Vall d'Ebo, la","Alicante",38.8242,-0.2206,52.4,-29.9,no,no,sí
03790,A,"Orba (Casco Antiguo)","Orba","Alicante",38.7705,-0.1012,61.5,-23.0,no,no,sí
03791,A,"Benimaurell; Fleix; Fontilles; El Eden; Plana, La (Paradisorba); La Vall De Laguar; Campell","La Vall de Laguar","Alicante",38.77655,-0.1055,60.7,-23.7,no,no,no
03792,A,"Murla; Parcent; Coll De Rates; Orbeta (Urbanizacion)","Murla","Alicante",38.75295,-0.0743,64.2,-20.3,no,no,no
03793,A,"Castell De Castells","Castell de Castells","Alicante",38.7256,-0.1924,63.6,-19.5,no,no,no
03794,A,"Benigembla","Benigembla","Alicante",38.7554,-0.1092,62.7,-21.7,no,no,no
03795,A,"Tormos; Sagra; Masils (Partida); Orbeta (Nucleo); Capso (Partida); Trullent (Partida); Aspre (Partida)","Tormos","Alicante",38.8064,-0.06875,59.0,-25.7,no,no,no
03800,A,"Alcoi/Alcoy","Alcoy","Alicante",38.7054,-0.4743,64.2,-14.1,no,no,no
03801,A,"Alcoi/Alcoy","Alcoy","Alicante",38.7054,-0.4743,64.2,-14.1,no,no,no
03802,A,"Alcoi/Alcoy","Alcoy","Alicante",38.7054,-0.4743,64.2,-14.1,no,no,no
03803,A,"Alcoi/Alcoy","Alcoy","Alicante",38.7054,-0.4743,64.2,-14.1,no,no,no
03804,A,"Alcoi/Alcoy","Alcoy","Alicante",38.7054,-0.4743,64.2,-14.1,no,no,no
03810,A,"Benilloba","Benilloba","Alicante",38.7001,-0.389,64.3,-14.5,no,no,no
03811,A,"Gorga; Quatretondeta; Capellans","Gorga","Alicante",38.72135,-0.33655,62.0,-17.4,no,no,no
03812,A,"Balones; Millena; Benimassot","Millena","Alicante",38.7366,-0.3428,60.3,-19.0,no,no,no
03813,A,"Famorca; Facheca; Tollos","Famorca","Alicante",38.7351,-0.2678,61.2,-19.7,no,no,no
03814,A,"Benasau; Alcoleja; Ares Del Bosque; Beniafe","Alcoleja","Alicante",38.6901,-0.3437,65.5,-13.9,no,no,no
03815,A,"Penaguila","Penàguila","Alicante",38.68,-0.3584,66.5,-12.6,no,no,no
03816,A,"Benifallim","Benifallim","Alicante",38.6627,-0.3997,68.4,-10.2,no,no,no
03819,A,"La Canaleta; Casas De La Carrasca; Riau-Riau (Urbanizacion); Estepar, El (Urbanizacion); La Sarga","Alcoy","Alicante",38.6398,-0.4661,71.3,-7.0,no,no,no
03820,A,"Algars; Alcudia; Alqueria-Benifloret; Cocentaina","Cocentaina","Alicante",38.75085,-0.43455,58.8,-19.5,no,no,no
03827,A,"Almudaina; Benimarfull; Benillup","Almudaina","Alicante",38.7608,-0.379,57.5,-21.2,no,no,no
03828,A,"Planes; Catamarruch; Benialfaqui; Margarida","Planes","Alicante",38.783,-0.3296,55.2,-24.2,no,no,no
03829,A,"Alqueria D'Asnar, L'","Cocentaina","Alicante",38.7667,-0.4167,56.9,-21.5,no,no,no
03830,A,"Muro De Alcoy; Plana, La (Muro Alcoy) (Urbanizacion)","Muro de Alcoy","Alicante",38.7812,-0.4361,55.4,-22.8,no,no,no
03837,A,"Agres","Agres","Alicante",38.7801,-0.516,56.5,-21.8,no,no,no
03838,A,"Alfafara","Alfafara","Alicante",38.7728,-0.5553,58.1,-20.6,no,no,no
03839,A,"Benamer; Turballos; Cela De Nuñez; Alqueria De Jorda","Muro de Alcoy","Alicante",38.7889,-0.4275,54.5,-23.8,no,no,no
03840,A,"Gaianes","Gaianes","Alicante",38.8127,-0.4089,51.8,-26.6,no,no,no
03841,A,"Alcocer De Planes","Alcocer de Planes","Alicante",38.795,-0.4024,53.7,-24.7,no,no,no
03850,A,"Beniarres","Beniarrés","Alicante",38.8202,-0.3774,50.9,-27.8,no,no,no
03860,A,"Lorcha/Orxa, L'","Lorcha/Orxa, l'","Alicante",38.85,-0.3,48.1,-31.9,no,no,no
03870,A,"Penella","","Alicante",38.7009,-0.4251,64.3,-14.1,no,no,no
12001,A,"Castellon De La Plana/Castello De La Pla","Castellón de la Plana/Castelló de la Plana","Castellón",40.2108,0.0272,109.5,-1.5,no,no,no
12002,A,"Castellon De La Plana/Castello De La Pla","Castellón de la Plana/Castelló de la Plana","Castellón",40.2108,0.0272,109.5,-1.5,no,no,no
12003,A,"Castellon De La Plana/Castello De La Pla","Castellón de la Plana/Castelló de la Plana","Castellón",40.2108,0.0272,109.5,-1.5,no,no,no
12004,A,"Castellon De La Plana/Castello De La Pla","Castellón de la Plana/Castelló de la Plana","Castellón",40.2108,0.0272,109.5,-1.5,no,no,no
12005,A,"Castellon De La Plana/Castello De La Pla","Castellón de la Plana/Castelló de la Plana","Castellón",40.2108,0.0272,109.5,-1.5,no,no,no
12006,A,"Castellon De La Plana/Castello De La Pla","Castellón de la Plana/Castelló de la Plana","Castellón",40.2108,0.0272,109.5,-1.5,no,no,no
12070,A,"Castellon De La Plana/Castello De La Pla","","Castellón",40.2108,0.0272,109.5,-1.5,no,no,no
12071,A,"Castellon De La Plana/Castello De La Pla","","Castellón",40.2108,0.0272,109.5,-1.5,no,no,no
12080,A,"Castellon De La Plana/Castello De La Pla","","Castellón",40.2108,0.0272,109.5,-1.5,no,no,no
12100,A,"El Grau De Castello/Grao; Castellon De La Plana/Castello De La Pla","Alcora, l'","Castellón",40.0439,-0.014300000000000002,90.8,-14.5,no,no,no
12110,A,"Alcora, L'","Alcora, l'","Castellón",40.0667,-0.2,89.1,-7.5,no,no,no
12118,B,"Useres, Les/ Useras","Useras/Useres, les","Castellón",40.1577,-0.1652,99.6,1.3,no,no,no
12119,A,"Masdavall; Araya; Costur","Alcora, l'","Castellón",40.1195,-0.1738,95.3,-2.6,no,no,no
12120,B,"Lucena Del Cid","Lucena del Cid","Castellón",40.1333,-0.2833,95.5,1.6,no,no,no
12121,A,"La Foya","Alcora, l'","Castellón",40.0931,-0.17265000000000003,92.4,-5.4,no,no,sí
12122,A,"Figueroles","Useras/Useres, les","Castellón",40.1174,-0.2372,94.2,-1.2,no,no,no
12123,B,"Giraba De Abajo; Castillo De Villamalefa; Giraba De Arriba; Ludiente; Cedraman","Ludiente","Castellón",40.1,-0.3833,91.4,0.5,sí,no,no
12124,B,"Bibioj; Villahermosa Del Rio","Villahermosa del Río","Castellón",40.20165,-0.40405,102.7,11.8,no,no,no
12125,B,"Zucaina","Zucaina","Castellón",40.1318,-0.4185,95.0,4.8,no,no,no
12126,B,"San Vicente De Cortes","Cortes de Arenoso","Castellón",40.1333,-0.5,95.6,6.9,no,no,no
12127,B,"Cortes De Arenoso","Cortes de Arenoso","Castellón",40.1881,-0.542,102.1,13.8,no,no,no
12130,A,"Mas De Flors; Sant Joan De Moro; Correntilla, De (Masia)","Sant Joan de Moró","Castellón",40.063649999999996,-0.1459,89.7,-9.2,no,no,no
12131,B,"Las Crevadas","Useras/Useres, les","Castellón",40.137550000000005,-0.2012,96.8,0.0,no,no,sí
12132,B,"Atzeneta Del Maestrat","Atzeneta del Maestrat","Castellón",40.189,-0.2164,102.3,5.8,no,no,sí
12133,B,"Meanes","Atzeneta del Maestrat","Castellón",40.189,-0.2164,102.3,5.8,no,no,sí
12134,B,"Benafigos; Xodos/Chodos","Benafigos","Castellón",40.2608,-0.24835000000000002,109.9,14.2,no,no,no
12135,B,"Vistabella Del Maestrazgo","Geldo","Castellón",40.2962,-0.2944,113.5,19.1,no,no,no
12140,B,"Albocasser","Albocàsser","Castellón",40.35,0.0333,124.4,8.2,no,no,no
12150,B,"Villafranca Del Cid","Villafranca del Cid/Vilafranca","Castellón",40.4288,-0.2577,128.4,32.2,no,no,no
12159,B,"Mas Llosar; Castellfort","Castellfort","Castellón",40.5014,-0.1899,137.0,33.4,no,no,no
12160,B,"Fuentes En Segures; Benasal","Benassal","Castellón",40.3769,-0.1397,123.9,21.2,no,no,no
12161,B,"La Torre D'En Besora","Torre d'En Besora, la","Castellón",40.3821,-0.1259,124.7,20.7,no,no,sí
12162,B,"Vilar De Canes","Vilar de Canes","Castellón",40.3582,-0.0655,123.1,15.1,no,no,no
12163,B,"Culla; Monllat; Molinell; Pla Del Sabater; Torre De Matella; Sales De Matella, De (Masia)","Culla","Castellón",40.3375,-0.1652,119.3,20.0,no,no,no
12164,B,"Los Rosildos","Sierra Engarcerán","Castellón",40.2693,-0.0189,114.5,5.7,no,no,sí
12165,B,"Ares Del Maestrat; Coll D'Ares","Ares del Maestrat","Castellón",40.4567,-0.1327,132.8,26.6,no,no,no
12166,B,"Los Ibarzos","Sierra Engarcerán","Castellón",40.2693,-0.0189,114.5,5.7,no,no,sí
12170,B,"Sant Mateu","Sant Mateu","Castellón",40.4647,0.1788,140.4,15.6,no,no,no
12179,B,"Tirig","Tírig","Castellón",40.4232,0.0779,133.3,13.0,no,no,no
12180,A,"Cabanes","Cabanes","Castellón",40.1556,0.0441,104.2,-6.6,no,no,no
12181,A,"Benlloch","Benlloch","Castellón",40.2108,0.0266,109.5,-1.4,no,no,no
12182,B,"Collet; Sierra Engarceran","Sierra Engarcerán","Castellón",40.2693,-0.0189,114.5,5.7,no,no,no
12183,A,"Vilanova D'Alcolea","Vilanova d'Alcolea","Castellón",40.2318,0.0741,113.0,-3.0,no,no,no
12184,B,"Sarratella; Torre Endomenech","Torre d'en Doménec, la","Castellón",40.2882,0.05075,118.3,2.6,sí,no,no
12185,A,"Mas D'En Rieres; Coves De Vinroma, Les; Mas Dels Calduch; Mas D'En Ramona","Coves de Vinromà, les","Castellón",40.34655,0.1354,126.8,3.7,sí,sí,no
12186,B,"La Salzadella","la Salzadella","Castellón",40.4179,0.1751,135.4,10.6,no,no,no
12190,A,"Borriol","Vall d'Alba","Castellón",40.042,-0.0708,89.1,-13.3,no,sí,no
12191,A,"La Pobla Tornesa","Pobla Tornesa, la","Castellón",40.1432,-0.0594,100.1,-2.9,no,no,sí
12192,A,"Vilafames","Vilafamés","Castellón",40.1167,-0.05,97.5,-5.9,no,no,no
12193,A,"Pelechana, La ( Pelechaneta, La); La Baseta; La Barona","Vall d'Alba","Castellón",40.166,-0.0667,102.4,-0.3,sí,sí,no
12194,A,"Montalba; Vall D'Alba","Vall d'Alba","Castellón",40.1753,-0.0357,104.1,-0.1,no,sí,no
12200,A,"Onda","Onda","Castellón",39.9644,-0.2626,77.0,-16.8,no,no,no
12210,A,"Ribesalbes","Ribesalbes","Castellón",40.022,-0.277,83.2,-10.3,no,no,no
12220,A,"Artesa","Onda","Castellón",39.9583,-0.2874,76.1,-16.8,no,no,no
12221,A,"Tales","Tales","Castellón",39.9479,-0.3076,74.8,-17.4,no,no,no
12222,A,"Veo; Alcudia De Veo; Ain; Benitandus","Aín","Castellón",39.9186,-0.34,71.3,-19.7,no,no,no
12223,A,"Sueras/Suera","Sueras/Suera","Castellón",39.9523,-0.3323,75.1,-16.4,no,no,no
12224,A,"Villamalur; Ayodar","Villamalur","Castellón",39.98235,-0.38105,78.3,-12.0,no,no,no
12225,A,"Fuentes De Ayodar; Torralba Del Pinar","Fuentes de Ayódar","Castellón",40.0083,-0.42500000000000004,81.3,-8.1,no,no,no
12230,A,"Espadilla; Vallat; Argelita; Fanzara; Toga","Espadilla","Castellón",40.0345,-0.3528,84.2,-7.1,no,no,no
12231,A,"Cirat","Cirat","Castellón",40.0549,-0.4628,86.7,-2.3,no,no,no
12232,A,"El Tormo; Torrechiva; Arañuel","Torrechiva","Castellón",40.0636,-0.4288,87.4,-2.2,no,no,no
12300,B,"Morella","Morella","Castellón",40.6189,-0.1,151.0,38.8,no,no,no
12310,B,"Forcall","Forcall","Castellón",40.6457,-0.2,152.9,45.8,no,no,no
12311,B,"Villores; Palanques; Ortells; Zorita Del Maestrazgo","Palanques","Castellón",40.70455,-0.1778,159.6,50.2,no,no,no
12312,B,"Olocau Del Rey; Todolella; La Mata De Morella","Mata de Morella, la","Castellón",40.6377,-0.2833,151.4,49.5,no,no,no
12313,B,"La Pobla D'Alcolea","","Castellón",40.6509,-0.1555,153.9,44.2,no,no,sí
12314,B,"Xiva De Morella","","Castellón",40.6588,-0.1254,155.1,43.7,no,no,no
12315,B,"Vallibona","Vallibona","Castellón",40.6029,0.0465,151.8,33.0,no,no,no
12316,B,"Hostal Nou","","Castellón",40.6099,-0.0952,150.1,37.7,no,no,sí
12317,B,"Herbes","Herbés","Castellón",40.721,-0.0044,163.7,46.7,no,no,no
12318,B,"Cinctorres; Portell De Morella","Portell de Morella","Castellón",40.55775,-0.2393,142.8,40.7,no,no,no
12319,B,"Castell De Cabres; Herbeset","Castell de Cabres","Castellón",40.6613,0.01145,157.4,39.9,no,no,no
12320,B,"Sant Jordi/San Jorge","Sant Jordi","Castellón",40.509,0.3315,149.8,17.6,no,no,sí
12330,B,"Traiguera","Traiguera","Castellón",40.5245,0.2898,150.0,20.0,no,no,no
12340,B,"La Jana","la Jana","Castellón",40.6246,-0.0811,151.9,38.6,no,no,sí
12350,B,"Canet Lo Roig","Canet lo Roig","Castellón",40.5514,0.2431,151.3,23.8,no,no,no
12360,B,"Xert/Chert","Chert/Xert","Castellón",40.5194,0.1583,145.6,21.9,no,no,no
12370,B,"Anroig","Chert/Xert","Castellón",40.5126,0.1176,143.8,21.9,no,no,no
12400,A,"Segorbe","Castellón de la Plana/Castelló de la Plana","Castellón",39.8508,-0.4881,64.3,-23.3,no,no,no
12410,A,"Altura; La Cueva Santa","Altura","Castellón",39.8513,-0.513,64.7,-22.6,no,no,no
12412,A,"Geldo; Villatorcas","Segorbe","Castellón",39.835350000000005,-0.45025000000000004,62.2,-25.8,no,no,no
12413,A,"Castellnovo; Almedijar","Almedíjar","Castellón",39.86435,-0.42910000000000004,65.3,-23.3,no,no,no
12414,A,"Peñalba; Vall De Almonacid; Algimia De Almonacid","Vall de Almonacid","Castellón",39.9,-0.45,69.4,-19.0,no,no,no
12415,A,"Gaibiel; Matet","Gaibiel","Castellón",39.9322,-0.48195,73.2,-14.8,no,no,no
12420,A,"Barracas","Barracas","Castellón",40.0163,-0.6971,86.4,0.0,no,sí,no
12428,B,"Los Calpes; Puebla De Arenoso; Villanueva De Viver; La Monzona; Fuente La Reina; Los Cantos","Fuente la Reina","Castellón",40.0858,-0.6,91.7,4.4,no,no,no
12429,A,"Pina De Montalgrao; El Toro","Toro, El","Castellón",39.999449999999996,-0.6995,84.7,-1.0,sí,no,no
12430,A,"Artesa De Abajo; Rios De Arriba; Artesa De Arriba; Bejis","Bejís","Castellón",39.9,-0.7,74.3,-8.2,no,no,no
12431,A,"Toras","Torás","Castellón",39.9167,-0.6833,75.5,-8.1,no,no,no
12440,A,"Caudiel","Caudiel","Castellón",39.9477,-0.5673,76.1,-11.1,no,no,no
12447,A,"Montan","Montán","Castellón",40.0333,-0.55,85.2,-2.4,no,no,no
12448,B,"Montanejos; La Alqueria","Montanejos","Castellón",40.06725,-0.5117499999999999,88.4,0.2,sí,no,no
12449,A,"Pavias; Higueras; Benafer","Pavías","Castellón",39.9667,-0.502,77.3,-10.6,no,no,no
12450,A,"Novaliches; Jerica","Jérica","Castellón",39.9152,-0.5574,72.4,-14.7,no,no,no
12460,A,"Viver","Viver","Castellón",39.9213,-0.5979,73.9,-13.1,no,no,no
12469,A,"Teresa; Sacañet; Masia De Los Perez; Rios De Abajo; Los Canales; Masias De Cristo; Masada Del Sordo","Viver","Castellón",39.9,-0.7,74.3,-8.2,no,no,no
12470,A,"Navajas","Navajas","Castellón",39.8765,-0.507,67.4,-20.1,no,no,no
12480,A,"Soneja","Soneja","Castellón",39.8162,-0.4293,60.0,-28.4,no,no,no
12489,A,"Sot De Ferrer","Sot de Ferrer","Castellón",39.8,-0.4,58.1,-30.8,no,no,no
12490,A,"Azuebar","Azuébar","Castellón",39.8333,-0.3667,61.8,-28.1,no,no,no
12499,A,"Chovar","Chóvar","Castellón",39.85,-0.3167,63.9,-27.6,no,no,no
12500,A,"Vinaros","Vinaròs","Castellón",40.4703,0.4756,151.5,12.3,no,sí,no
12510,B,"San Rafael Del Rio","Sant Rafel del Maestrat","Castellón",40.6,0.35,159.7,27.1,no,no,no
12511,B,"Rossell","Rossell","Castellón",40.618,0.2217,157.7,31.4,no,no,no
12512,B,"Bel","Rossell","Castellón",40.6239,0.1634,156.7,33.1,no,no,no
12513,B,"Avella, La (Cati); Cati","Catí","Castellón",40.4716,0.0227,137.2,19.6,no,no,no
12520,A,"Nules","Nules","Castellón",39.8531,-0.1575,66.8,-31.2,no,no,no
12526,A,"La Vilavella","La Vilavella","Castellón",39.8722,-0.2136,67.6,-27.8,no,no,sí
12527,A,"Artana","Artana","Castellón",39.8912,-0.2565,69.0,-24.7,no,no,no
12528,A,"Eslida","Eslida","Castellón",39.8802,-0.3066,67.3,-24.6,no,no,no
12529,A,"Mascarell","Nules","Castellón",39.8602,-0.1412,68.0,-30.8,no,no,no
12530,A,"Alquerias Santa Barbara; Alquerias De Santa Barbara; Burriana","Benicarló","Castellón",39.889,-0.085,72.6,-29.2,no,no,no
12539,A,"Alquerias Del Niño Perdido","Alquerías del Niño Perdido","Castellón",39.8947,-0.1294,71.9,-27.5,no,no,no
12540,A,"Vila-Real/Villarreal","Vila-real","Castellón",39.9333,-0.1,76.8,-24.1,no,no,no
12549,A,"Betxi","Betxí","Castellón",39.9333,-0.2,74.5,-21.6,no,no,no
12550,A,"Almazora/Almassora","Almazora/Almassora","Castellón",39.95,-0.05,80.0,-23.6,no,no,no
12560,A,"Benicassim; Benicasim","Castellón de la Plana/Castelló de la Plana","Castellón",40.05,0.0667,94.1,-16.4,no,no,no
12570,A,"Alcala De Xivert","Alcalà de Xivert","Castellón",40.3,0.2333,125.2,-3.2,no,no,no
12578,B,"Cervera Del Maestre","Cervera del Maestre","Castellón",40.4537,0.2766,142.3,12.6,no,no,no
12579,A,"Las Fuentes; Alcossebre; Capycorp","Alcalà de Xivert","Castellón",40.2449,0.2759,121.4,-9.9,no,no,no
12580,A,"Benicarlo","Benicarló","Castellón",40.4165,0.4271,144.3,6.3,no,sí,no
12589,B,"Calig","Càlig","Castellón",40.4626,0.3552,146.0,12.1,no,no,no
12590,A,"Almenara","Almenara","Castellón",39.7536,-0.224,54.6,-40.1,no,no,no
12591,A,"La Llosa; Casablanca (La Llosa); Platja D'Almenara Casablanca","Llosa, la","Castellón",39.7667,-0.2,56.6,-39.3,no,no,no
12592,A,"Chilches/Xilxes","Chilches/Xilxes","Castellón",39.7822,-0.1876,58.5,-37.9,no,no,no
12593,A,"Moncofa; Grao De Moncofar","Moncofa","Castellón",39.808,-0.1461,62.3,-36.2,no,no,no
12594,A,"Oropesa/Oropesa Del Mar","Oropesa del Mar/Orpesa","Castellón",40.1,0.15,102.1,-17.4,no,no,no
12595,A,"Torre De La Sal; La Ribera De Cabanes","Cabanes","Castellón",40.1354,0.1663,106.3,-15.9,no,no,no
12596,A,"Torrenostra; Torreblanca","Torreblanca","Castellón",40.20745,0.21,115.1,-12.7,no,no,no
12597,B,"Santa Magdalena De Pulpis","Santa Magdalena de Pulpis","Castellón",40.3562,0.3026,133.4,1.6,no,no,no
12598,A,"Peñiscola","Peníscola/Peñíscola","Castellón",40.3574,0.4069,137.7,-0.2,no,sí,no
12599,B,"Ballestar; Pobla De Benifassa; Corachar; Fredes; Boixar; Las Casas Del Rio","Pobla de Benifassà, la","Castellón",40.68485,0.14555,162.8,40.0,no,no,no
12600,A,"La Vall D'Uixo","la Vall d'Uixó","Castellón",39.8333,-0.2667,62.5,-30.6,no,no,sí
12609,A,"Alfondeguilla","Alfondeguilla","Castellón",39.8373,-0.2694,62.9,-30.1,no,no,no
46001,A,"Valencia","Valencia","Valencia",39.4698,-0.3774,21.3,-60.5,no,no,no
46002,A,"Valencia","Valencia","Valencia",39.4698,-0.3774,21.3,-60.5,no,no,no
46003,A,"Valencia","Valencia","Valencia",39.4698,-0.3774,21.3,-60.5,no,no,no
46004,A,"Valencia","Valencia","Valencia",39.4698,-0.3774,21.3,-60.5,no,no,no
46005,A,"Valencia","Madrid","Valencia",39.4698,-0.3774,21.3,-60.5,no,no,no
46006,A,"Valencia","Valencia","Valencia",39.4698,-0.3774,21.3,-60.5,no,no,no
46007,A,"Valencia","Valencia","Valencia",39.4698,-0.3774,21.3,-60.5,no,no,no
46008,A,"Valencia","Valencia","Valencia",39.4698,-0.3774,21.3,-60.5,no,no,no
46009,A,"Valencia","Valencia","Valencia",39.4698,-0.3774,21.3,-60.5,no,no,no
46010,A,"Valencia","Valencia","Valencia",39.4698,-0.3774,21.3,-60.5,no,no,no
46011,A,"Valencia","Valencia","Valencia",39.4698,-0.3774,21.3,-60.5,no,no,no
46012,A,"Valencia","Valencia","Valencia",39.4698,-0.3774,21.3,-60.5,no,no,no
46013,A,"Valencia","Valencia","Valencia",39.4698,-0.3774,21.3,-60.5,no,no,no
46014,A,"Valencia","Valencia","Valencia",39.4698,-0.3774,21.3,-60.5,no,no,no
46015,A,"Valencia","Valencia","Valencia",39.4698,-0.3774,21.3,-60.5,no,no,no
46016,A,"Valencia","Tavernes Blanques","Valencia",39.4698,-0.3774,21.3,-60.5,no,no,no
46017,A,"Valencia","Valencia","Valencia",39.4698,-0.3774,21.3,-60.5,no,no,no
46018,A,"Valencia","Valencia","Valencia",39.4698,-0.3774,21.3,-60.5,no,no,no
46019,A,"Valencia","Valencia","Valencia",39.4698,-0.3774,21.3,-60.5,no,no,no
46020,A,"Valencia","Valencia","Valencia",39.4698,-0.3774,21.3,-60.5,no,no,no
46021,A,"Valencia","Valencia","Valencia",39.4698,-0.3774,21.3,-60.5,no,no,no
46022,A,"Valencia","Valencia","Valencia",39.4698,-0.3774,21.3,-60.5,no,no,no
46023,A,"Valencia","Valencia","Valencia",39.4698,-0.3774,21.3,-60.5,no,no,no
46024,A,"Valencia","Valencia","Valencia",39.4698,-0.3774,21.3,-60.5,no,no,no
46025,A,"Valencia","Valencia","Valencia",39.4698,-0.3774,21.3,-60.5,no,no,no
46026,A,"Valencia","Valencia","Valencia",39.4698,-0.3774,21.3,-60.5,no,no,no
46035,A,"Valencia; Benimamet","Valencia","Valencia",39.5,-0.4167,24.9,-55.7,no,no,no
46070,A,"Valencia","","Valencia",39.4698,-0.3774,21.3,-60.5,no,no,no
46071,A,"Valencia","","Valencia",39.4698,-0.3774,21.3,-60.5,no,no,no
46080,A,"Valencia","","Valencia",39.4698,-0.3774,21.3,-60.5,no,no,no
46100,A,"Burjassot","Burjassot","Valencia",39.5101,-0.4129,25.9,-55.2,no,no,no
46110,A,"Campo Olivar; Godella","Godella","Valencia",39.5216,-0.4158,27.2,-54.2,no,no,no
46111,A,"Rocafort; Santa Barbara (Urbanitzacio)","Rocafort","Valencia",39.5456,-0.4157,29.9,-52.4,no,no,no
46112,A,"Masarrochos","Valencia","Valencia",39.5373,-0.4108,28.9,-53.4,no,no,no
46113,A,"Moncada","Moncada","Valencia",39.5468,-0.3955,29.9,-53.6,no,no,no
46114,A,"Vinalesa","Vinalesa","Valencia",39.5379,-0.3709,28.9,-55.9,no,no,no
46115,A,"Alfara Del Patriarca","Alfara del Patriarca","Valencia",39.55,-0.3833,30.2,-54.2,no,no,no
46116,A,"Masias; San Isidro De Benageber","","Valencia",39.5729,-0.4112,32.9,-50.7,no,no,sí
46117,A,"Vall De Flors (Urbanitzacio); Benagolf (San Antonio) (Urbanizacion); Benagolf (Betera) (Urbanizacion); Betera","Bétera","Valencia",39.5833,-0.45,34.4,-47.5,no,no,no
46118,A,"Cartuja De Portaceli; Porta Coeli; Serra","Serra","Valencia",39.6855,-0.4293,45.5,-41.3,no,no,no
46119,A,"Naquera","Náquera","Valencia",39.65,-0.4167,41.5,-44.7,no,no,no
46120,A,"Alboraya","Alboraya","Valencia",39.5,-0.35,24.8,-60.0,no,no,no
46127,A,"Campamento Militar De Betera","","Valencia",39.5,-0.35,24.8,-60.0,no,no,sí
46130,A,"Massamagrell","Massamagrell","Valencia",39.5738,-0.3364,33.1,-55.5,no,no,no
46131,A,"Bonrepos I Mirambell; Casas De Barcena","Valencia","Valencia",39.5167,-0.3667,26.6,-57.7,no,no,no
46132,A,"Almassera","Almàssera","Valencia",39.5167,-0.35,26.7,-58.8,no,no,no
46133,A,"Meliana","Meliana","Valencia",39.5281,-0.3484,28.0,-58.1,no,no,no
46134,A,"Foios; Cuiper","Foios","Valencia",39.5376,-0.355,29.0,-56.9,no,no,no
46135,A,"Albalat Dels Sorells; Emperador; Mahuella Tauladella Rafalell Y Vistabella","Valencia","Valencia",39.54365,-0.34455,29.7,-57.2,no,no,no
46136,A,"Museros","Museros","Valencia",39.5629,-0.3411,31.9,-56.0,no,no,no
46137,A,"Puebla De Farnals (Playa)","la Pobla de Farnals","Valencia",39.5396,-0.3458,29.3,-57.4,no,no,sí
46138,A,"Rafelbuñol/Rafelbunyol","Rafelbunyol/Rafelbuñol","Valencia",39.5396,-0.3458,29.3,-57.4,no,no,sí
46139,A,"La Pobla De Farnals","la Pobla de Farnals","Valencia",39.5396,-0.3458,29.3,-57.4,no,no,sí
46140,B,"Puebla De San Miguel; Ademuz; Arroyo Cerezo; Sesga; Mas Del Olmo; Val De La Sabina","Ademuz","Valencia",40.0563,-1.2137,112.0,36.2,no,no,no
46141,B,"Cuesta Del Rato; Castielfabib","Castielfabib","Valencia",40.14,-1.3021500000000001,124.0,47.9,no,no,no
46142,B,"Los Santos","","Valencia",40.1078,-1.2823,120.1,44.3,no,no,no
46143,B,"Torrebaja","Torrebaja","Valencia",40.096,-1.258,117.8,41.9,no,no,sí
46144,B,"Torrealta; Mas De Jacinto","","Valencia",40.1333,-1.25,120.6,44.0,no,no,no
46145,B,"Vallanca; Negron","Vallanca","Valencia",40.048199999999994,-1.3446,118.8,44.0,no,no,no
46146,B,"Casas Bajas","Casas Bajas","Valencia",40.0237,-1.2613,111.9,36.9,no,no,no
46147,B,"Casas Altas","Casas Altas","Valencia",40.0397,-1.2627,113.3,38.1,no,no,no
46148,A,"Algimia De Alfara","Algimia de Alfara","Valencia",39.75,-0.3667,52.5,-36.9,no,no,no
46149,A,"Santo Espiritu Del Monte; Gilet","Gilet","Valencia",39.6779,-0.3247,44.7,-45.6,no,no,no
46150,A,"Campamento De Marines","","Valencia",39.6876,-0.7751,56.6,-18.8,no,no,sí
46160,A,"Vanacloig; Lliria","Llíria","Valencia",39.65,-0.70835,49.9,-25.9,no,no,no
46162,A,"Artaj; Pobleta De Andilla; Higueruelas; Andilla; Oset De Andilla","Higueruelas","Valencia",39.8167,-0.8142,70.4,-6.9,no,no,no
46163,A,"Marines; Marines Viejo","Marines","Valencia",39.7082,-0.5467,49.9,-32.1,no,no,no
46164,A,"Pedralba","Pedralba","Valencia",39.6051,-0.7265,46.8,-28.0,no,no,no
46165,A,"Bugarra","Bugarra","Valencia",39.6085,-0.776,49.9,-24.6,no,no,no
46166,A,"Gestalgar","Gestalgar","Valencia",39.6045,-0.8346,53.1,-21.1,no,no,no
46167,A,"Chulilla","Chulilla","Valencia",39.6561,-0.892,60.6,-13.6,no,no,no
46168,A,"Losa Del Obispo; Sot De Chera","Sot de Chera","Valencia",39.666650000000004,-0.8833500000000001,60.9,-13.4,no,no,no
46169,A,"Gatova; Olocau","Gátova","Valencia",39.733450000000005,-0.5239,52.1,-31.7,no,no,no
46170,A,"Villar Del Arzobispo","Villar del Arzobispo","Valencia",39.7333,-0.8167,62.8,-12.8,no,no,no
46171,A,"Casinos","Casinos","Valencia",39.6993,-0.7077,54.5,-22.3,no,no,no
46172,A,"Alcublas","Alcublas","Valencia",39.7975,-0.703,64.0,-15.5,no,no,no
46173,B,"Benageber","Losa del Obispo","Valencia",39.7167,-1.1,78.5,4.2,no,no,no
46174,A,"Domeño","Domeño","Valencia",39.6596,-0.6711,49.1,-27.6,no,no,no
46175,A,"Calles; Domeño Antiguo","Calles","Valencia",39.7256,-0.9732,71.0,-3.3,no,no,no
46176,A,"Ahillas; Chelva; Torrecilla; Ermitorio Del Remedio","Chelva","Valencia",39.78405,-0.9858,76.4,1.8,sí,sí,no
46177,B,"Tuejar","Tuéjar","Valencia",39.7667,-1.0333,77.9,3.6,no,no,no
46178,B,"La Canaleja; Alpuente; El Hontanar; La Yesa; La Almeza; Titaguas; Corcolilla; Cuevarruz, La (Alpuente); La Hortichuela; Cuevarruz, La (La Yesa); Collado De Alpuente; Campo Arriba; El Chopo; Baldovar De Alpuente; La Carrasca; Campo Abajo","La Yesa","Valencia",39.9,-1.0167,87.9,12.2,no,no,no
46179,B,"Losilla De Aras; Aras De Los Olmos","Aras de los Olmos","Valencia",39.9167,-1.1333,95.8,20.9,no,no,no
46180,A,"Benaguasil","Benaguasil","Valencia",39.5939,-0.5882,39.3,-37.8,no,no,no
46181,A,"Benisano","Benisanó","Valencia",39.6167,-0.5667,40.8,-37.5,no,no,no
46182,A,"Vallesa, La (Urbanizacion); La Cañada","Paterna","Valencia",39.5304,-0.485,29.4,-49.1,no,no,no
46183,A,"Eliana, L'","Eliana, l'","Valencia",39.5667,-0.5333,34.6,-43.3,no,no,no
46184,A,"San Antonio De Benageber; Cumbres De San Antonio (Betera) (Urbanizacion); Cumbres De San Antonio (San Antonio) (Urbanizacion)","San Antonio de Benagéber","Valencia",39.5833,-0.5433,36.6,-41.4,no,no,sí
46185,A,"Montecolorado (Urbanizacion); La Pobla De Vallbona","Pobla de Vallbona, la","Valencia",39.6,-0.55,38.6,-39.8,no,no,no
46190,A,"Riba-Roja De Turia","Riba-roja de Túria","Valencia",39.5167,-0.5167,28.9,-48.0,no,no,no
46191,A,"Vilamarxant","Vilamarxant","Valencia",39.5684,-0.6239,38.4,-37.3,no,no,no
46192,A,"Monserrat","Montserrat","Valencia",39.3667,-0.6,21.1,-42.3,no,no,no
46193,A,"Montroy","Montroy","Valencia",39.3333,-0.6167,21.0,-39.8,no,no,no
46194,A,"Real","Real","Valencia",39.3361,-0.6087,20.5,-40.6,no,no,no
46195,A,"Llombai","Llombai","Valencia",39.2784,-0.5695,16.1,-42.6,no,no,no
46196,A,"Catadau","Catadau","Valencia",39.2728,-0.5783,16.8,-41.8,no,no,no
46197,A,"Alfarp","Alfarp","Valencia",39.2768,-0.5604,15.3,-43.4,no,no,no
46198,A,"Millares; Dos Aguas","Dos Aguas","Valencia",39.263000000000005,-0.78655,34.8,-23.9,no,no,no
46199,A,"Cortes De Pallas; La Cabezuela; Casas De Herrero; Castilblanques; Otonel; Viñuelas; El Oro","Millares","Valencia",39.308,-0.97075,50.7,-11.3,no,no,no
46200,A,"Paiporta","Paiporta","Valencia",39.4274,-0.4167,16.9,-59.4,no,no,no
46210,A,"Picanya","Picanya","Valencia",39.4345,-0.4312,17.9,-58.6,no,no,no
46220,A,"Picassent; Alter, L'","Alcàsser","Valencia",39.3617,-0.462,11.5,-53.5,no,no,no
46225,A,"Centro Penitenciario Picassent","","Valencia",39.3583,-0.4583,11.0,-53.7,no,no,sí
46229,A,"Fuente Del Omet","","Valencia",39.35,-0.4667,10.8,-52.8,no,no,no
46230,A,"San Patricio (Urbanizacion); Lagos, Los (Alfarp) (Urbanizacion); Lagos, Los (Alginet) (Urbanizacion); Alginet","Alginet","Valencia",39.2667,-0.4729,7.8,-50.8,no,no,no
46240,A,"Ausias March (Urbanizacion); Carlet","Carlet","Valencia",39.227,-0.5224,13.3,-46.5,no,no,no
46249,A,"Villarrubia De Carlet","","Valencia",39.2333,-0.5167,12.5,-46.9,no,no,sí
46250,A,"Alcudia, L'; Montortal","Sagunto/Sagunt","Valencia",39.1667,-0.5167,16.9,-47.4,no,no,no
46260,A,"Alberic","Alberic","Valencia",39.117,-0.5209,21.5,-47.5,no,no,no
46266,A,"Antella","Antella","Valencia",39.0804,-0.5918,28.4,-41.7,no,no,no
46267,A,"Gavarda","Gavarda","Valencia",39.0906,-0.5455,25.1,-45.6,no,no,no
46268,A,"La Garrofera De Alzira","Alzira","Valencia",39.1518,-0.4333,14.7,-54.7,no,no,sí
46269,A,"Tous","Tous","Valencia",39.1395,-0.5869,23.4,-41.6,no,no,no
46270,A,"Villanueva De Castellon","Villanueva de Castellón","Valencia",39.0774,-0.5117,24.9,-48.7,no,no,no
46290,A,"Alcasser","Alcàsser","Valencia",39.3667,-0.4333,10.8,-56.0,no,no,no
46291,A,"Benimodo","Benimodo","Valencia",39.2134,-0.527,14.3,-46.1,no,no,no
46292,A,"Massalaves","Massalavés","Valencia",39.1438,-0.5226,19.2,-47.1,no,no,no
46293,A,"Alcantera De Xuquer; Beneixida","Alcàntera de Xúquer","Valencia",39.06245,-0.54915,27.9,-45.6,no,no,no
46294,A,"Carcer; Cotes","Càrcer","Valencia",39.068799999999996,-0.5710999999999999,28.4,-43.6,no,no,no
46295,A,"Sumacarcer; Sellent","Sumacàrcer","Valencia",39.06575,-0.61015,30.7,-40.3,no,no,no
46300,A,"Aldea De Estenas; Utiel","Utiel","Valencia",39.5682,-1.2049,77.6,-0.0,no,sí,no
46310,A,"Casas Del Rey; Los Marcos; Las Monjas; Venta Del Moro; Casas De Moya; Casas De Pradas","Venta del Moro","Valencia",39.4667,-1.35,85.7,0.9,sí,sí,no
46311,A,"Jaraguas","Venta del Moro","Valencia",39.5213,-1.3614,88.3,3.7,no,sí,no
46312,A,"Casas De Medina","Utiel","Valencia",39.5682,-1.2049,77.6,-0.0,no,sí,sí
46313,A,"Las Casas; Los Corrales; Cuevas, Las (Utiel)","Utiel","Valencia",39.5898,-1.2709,83.8,5.2,sí,sí,no
46314,B,"Fuenterrobles","Fuenterrobles","Valencia",39.5856,-1.3643,91.0,9.6,no,no,no
46315,B,"Caudete De Las Fuentes","Caudete de las Fuentes","Valencia",39.5667,-1.25,81.1,2.1,no,no,no
46317,B,"Villargordo Del Cabriel","Villargordo del Cabriel","Valencia",39.5333,-1.4333,94.6,8.7,no,no,no
46320,B,"Sinarcas","Sinarcas","Valencia",39.7326,-1.2307,88.6,13.7,no,no,no
46321,A,"Torre, Aldea De La","Utiel","Valencia",39.5682,-1.2049,77.6,-0.0,no,sí,sí
46330,B,"Camporrobles","Camporrobles","Valencia",39.6472,-1.4001,96.5,16.9,no,no,no
46339,B,"La Loberuela","","Valencia",39.6707,-1.3361,92.7,15.7,no,no,no
46340,A,"Requena","Requena","Valencia",39.489,-1.1009,66.0,-12.5,no,no,no
46350,A,"Chera","Chera","Valencia",39.5922,-0.9733,61.6,-13.1,no,no,no
46351,A,"Las Nogueras; Cañada, La (Requena); Villar De Olmos; Villar De Tejas","Chelva","Valencia",39.6,-1.0833,70.0,-5.5,no,sí,no
46352,A,"Los Duques; Campo Arcis; Casas De Eufemia","Requena","Valencia",39.43275,-1.1871,71.2,-6.9,no,no,no
46353,A,"Los Ruices","Requena","Valencia",39.4761,-1.2559,78.2,-5.7,no,no,no
46354,B,"Los Cojos; Los Isidros; Penen De Albosa","Requena","Valencia",39.420500000000004,-1.29955,80.4,1.1,no,no,no
46355,A,"Casas De Juan Vich; Casas De Sotos; Los Pedrones","Requena","Valencia",39.3333,-1.0667,59.1,-7.1,no,no,no
46356,A,"Casas Del Rio","Requena","Valencia",39.3,-1.1333,64.6,-0.4,no,no,no
46357,A,"El Ponton; Azagador; La Portera; Hortunas","Requena","Valencia",39.396699999999996,-1.074,60.9,-11.4,no,no,no
46360,A,"Buñol","Buñol","Valencia",39.4211,-0.7898,38.4,-31.2,no,no,no
46367,A,"Yatova","Yátova","Valencia",39.3833,-0.8,37.7,-27.9,no,no,no
46368,A,"Macastre","Macastre","Valencia",39.3825,-0.7868,36.6,-28.8,no,no,no
46369,A,"Alborache","Alborache","Valencia",39.3933,-0.7756,36.1,-30.3,no,no,no
46370,A,"Chiva","Chiva","Valencia",39.4715,-0.7188,36.0,-38.3,no,no,no
46380,A,"Cheste","Cheste","Valencia",39.4955,-0.686,35.5,-38.7,no,no,no
46388,A,"Godelleta","Godelleta","Valencia",39.423,-0.6867,30.7,-38.4,no,no,no
46389,A,"Turis; Conde Cortichelles, Del (Masia)","Turís","Valencia",39.3833,-0.7,29.7,-35.2,no,no,no
46390,A,"Chicanos; Barrio Arroyo; Roma; Calderon; San Juan De Requena; San Antonio De Requena; Derramador","Requena","Valencia",39.5249,-1.1616499999999998,72.3,-6.1,no,no,no
46391,A,"El Rebollar","Requena","Valencia",39.4314,-1.158,68.8,-8.6,no,no,sí
46392,A,"Siete Aguas","Siete Aguas","Valencia",39.4738,-0.9181,50.9,-25.4,no,no,no
46393,A,"Loriguilla","Loriguilla","Valencia",39.4902,-0.5709,28.6,-46.5,no,no,no
46394,A,"Oliveral, Del (Masia); Ventas De Poyo","","Valencia",39.4667,-0.5667,26.3,-48.4,no,no,no
46400,A,"Cullera","Cullera","Valencia",39.1659,-0.2548,16.7,-60.0,no,no,no
46408,A,"El Dosel; Mareny De San Lorenzo; Faro De Cullera","Cullera","Valencia",39.19955,-0.23504999999999998,15.4,-58.5,no,no,no
46409,A,"El Marenyet; El Estany; El Brosquil","Cullera","Valencia",39.12,-0.2421,21.4,-58.6,no,no,no
46410,A,"Sueca","Sueca","Valencia",39.2021,-0.3108,10.5,-64.8,no,no,no
46417,A,"Riola","Riola","Valencia",39.1966,-0.3349,10.0,-62.8,no,no,no
46418,A,"Fortaleny","Fortaleny","Valencia",39.1833,-0.3145,12.1,-64.6,no,no,no
46419,A,"Mareny De Vilches; Mareny De Les Barraquetes; Mareny Blau; Palmeretes, Les","Sueca","Valencia",39.23965,-0.29325,8.8,-63.8,no,no,sí
46420,A,"El Perello","Sueca","Valencia",39.2772,-0.2757,9.2,-62.6,no,no,no
46430,A,"Sollana","Sollana","Valencia",39.2782,-0.3816,0.1,-58.8,no,no,no
46439,A,"Romani","Sollana","Valencia",39.2782,-0.3816,0.1,-58.8,no,no,sí
46440,A,"Almussafes","Almussafes","Valencia",39.2923,-0.4133,3.1,-56.2,no,no,no
46450,A,"Benifaio","Puig de Santa Maria, el","Valencia",39.2844,-0.426,3.8,-55.0,no,no,no
46460,A,"Silla","Silla","Valencia",39.3628,-0.4121,9.8,-57.7,no,no,no
46469,A,"Beniparrell","Beniparrell","Valencia",39.3818,-0.4103,11.8,-58.4,no,no,no
46470,A,"Massanassa; Catarroja; Albal","Catarroja","Valencia",39.4028,-0.403,14.0,-59.6,no,no,no
46500,A,"Sagunt/Sagunto","Sagunto/Sagunt","Valencia",39.6833,-0.2667,46.2,-46.5,no,no,no
46501,A,"Petres","Petrés","Valencia",39.6833,-0.3,45.6,-45.6,no,no,no
46510,A,"Quartell","Quartell","Valencia",39.7375,-0.2637,52.1,-40.8,no,no,no
46511,A,"Benifairo De Les Valls","Benifairó de les Valls","Valencia",39.7333,-0.2667,51.6,-41.2,no,no,no
46512,A,"Faura","Faura","Valencia",39.7257,-0.2642,50.8,-42.0,no,no,no
46513,A,"Estacion De Los Valles","","Valencia",39.7167,-0.2333,50.4,-43.7,no,no,no
46514,A,"Benavites","Benavites","Valencia",39.7407,-0.2583,52.6,-40.6,no,no,no
46515,A,"Quart De Les Valls","Quart de les Valls","Valencia",39.7333,-0.2667,51.6,-41.2,no,no,no
46520,A,"Almarda, De (Playa); Puerto De Sagunto","Sagunto/Sagunt","Valencia",39.6622,-0.2175,45.0,-49.9,no,no,no
46529,A,"Canet D'En Berenguer","Canet d'En Berenguer","Valencia",39.6833,-0.2167,47.3,-47.7,no,no,no
46530,A,"Puçol","Sagunto/Sagunt","Valencia",39.6172,-0.3065,38.3,-52.5,no,no,no
46540,A,"El Puig; Puig, Del (Playa)","Puig de Santa Maria, el","Valencia",39.5887,-0.3033,35.2,-55.6,no,no,no
46550,A,"Albuixech","Albuixech","Valencia",39.5446,-0.3241,30.1,-58.4,no,no,no
46560,A,"Massalfassar","Massalfassar","Valencia",39.5581,-0.3268,31.5,-57.3,no,no,no
46590,A,"Estivella","Estivella","Valencia",39.7129,-0.3485,48.4,-41.3,no,no,no
46591,A,"Albalat Dels Taronchers","Albalat dels Tarongers","Valencia",39.7,-0.3333,47.1,-43.1,no,no,no
46592,A,"Segart","Segart","Valencia",39.6841,-0.3903,45.2,-43.3,no,no,no
46593,A,"Algar De Palancia","Algar de Palancia","Valencia",39.7833,-0.3667,56.2,-33.4,no,no,no
46594,A,"Alfara De La Baronia","Alfara de la Baronia","Valencia",39.75,-0.3667,52.5,-36.9,no,no,no
46595,A,"Torres-Torres","Torres Torres","Valencia",39.7333,-0.35,50.7,-39.1,no,no,no
46600,A,"Alzira","Alzira","Valencia",39.1518,-0.4333,14.7,-54.7,no,no,no
46610,A,"Guadassuar","Guadassuar","Valencia",39.1866,-0.4782,13.1,-50.5,no,no,no
46611,A,"Benimuslem","Benimuslem","Valencia",39.132,-0.493,18.8,-49.8,no,no,no
46612,A,"Corbera","Corbera","Valencia",39.1571,-0.3525,13.7,-61.6,no,no,no
46613,A,"Llauri","Llaurí","Valencia",39.1467,-0.3294,15.3,-63.7,no,no,no
46614,A,"Favara","Favara","Valencia",39.1275,-0.2909,18.5,-62.4,no,no,no
46620,A,"Ayora","Ayora","Valencia",39.0593,-1.0573,63.0,-1.8,no,no,no
46621,A,"San Benito; Zarra; Casas De Madrona","Zarra","Valencia",38.9773,-1.0755,68.5,-0.9,sí,no,no
46622,A,"Teresa De Cofrentes","Teresa de Cofrentes","Valencia",39.1056,-1.051,60.7,-1.9,no,no,no
46623,B,"Jarafuel","Jarafuel","Valencia",39.1399,-1.0735,61.4,0.3,no,no,no
46624,B,"Jalance","Jalance","Valencia",39.1912,-1.0761,60.5,0.9,no,no,no
46625,A,"Cofrentes; Hervideros De Cofrentes; Salto De Cofrentes","Cofrentes","Valencia",39.2296,-1.0618,58.7,0.0,sí,sí,no
46630,A,"La Font De La Figuera","Font de la Figuera, la","Valencia",38.8,-0.8833,68.5,-9.9,no,no,no
46635,A,"Fontanars Dels Alforins; Las Pedradas; Casas De Vidal; Poblet","Fontanars dels Alforins","Valencia",38.7833,-0.7833,65.0,-15.6,no,no,no
46640,A,"Mogente/Moixent","Mogente/Moixent","Valencia",38.8749,-0.7523,55.0,-24.0,no,no,sí
46650,A,"Canals","Canals","Valencia",38.9621,-0.5838,39.2,-41.0,no,no,no
46659,A,"Ayacor; Torre De Cerda","Canals","Valencia",38.9782,-0.5764499999999999,37.3,-42.9,no,no,no
46660,A,"Manuel","Manuel","Valencia",39.0509,-0.4923,27.0,-50.6,no,no,no
46666,A,"Rafelguaraf; Riu Rau; Berfull","Rafelguaraf","Valencia",39.0533,-0.46045,25.9,-52.4,no,no,no
46667,A,"Barxeta","Barxeta","Valencia",39.0219,-0.418,28.6,-49.4,no,no,no
46668,A,"Llocnou D'En Fenollet; Tosalnou","Llocnou d'En Fenollet","Valencia",39.029799999999994,-0.46765,28.5,-49.7,no,no,no
46669,A,"Enova, L'; Senyera; Sant Joanet","Senyera","Valencia",39.0672,-0.49885,25.5,-49.9,no,no,no
46670,A,"La Pobla Llarga","Pobla Llarga, la","Valencia",39.0833,-0.4667,22.8,-52.5,no,no,no
46680,A,"Carrascalet; Algemesi","Algemesí","Valencia",39.1833,-0.4333,11.4,-54.4,no,no,no
46687,A,"Albalat De La Ribera","Albalat de la Ribera","Valencia",39.2,-0.3833,8.7,-58.6,no,no,no
46688,A,"Polinya De Xuquer","Polinyà de Xúquer","Valencia",39.2,-0.3667,8.8,-60.0,no,no,no
46689,A,"Benicull De Xuquer","Benicull de Xúquer","Valencia",39.1833,-0.3833,10.5,-58.7,no,no,no
46690,A,"Alcudia De Crespins, L'","Alcúdia de Crespins, l'","Valencia",38.9667,-0.5833,38.7,-41.5,no,no,no
46691,A,"Vallada","Vallada","Valencia",38.8959,-0.6912,50.1,-29.6,no,no,no
46692,A,"Montesa","Montesa","Valencia",38.9488,-0.6505,43.3,-35.9,no,no,no
46700,A,"Gandia","","Valencia",38.9667,-0.1833,38.7,-45.8,no,no,no
46701,A,"Gandia","Gandia","Valencia",38.9719,-0.1807,38.3,-46.2,no,no,no
46702,A,"Gandia","Gandia","Valencia",38.9654,-0.1873,38.6,-45.8,no,no,no
46703,A,"Gandia","Benirredrà","Valencia",38.9635,-0.1945,38.6,-45.5,no,no,no
46710,A,"Daimus, De (Playa); Daimus","Daimús","Valencia",38.9667,-0.15,40.0,-44.7,no,no,no
46711,A,"Miramar; Guardamar De La Safor; Miramar, De (Playa)","Miramar","Valencia",38.9508,-0.1406,42.0,-42.8,no,no,no
46712,A,"Piles; Piles, De (Playa)","Piles","Valencia",38.928799999999995,-0.10769999999999999,45.5,-39.5,no,no,no
46713,A,"Bellreguard Poble; Bellreguard, De (Playa)","Bellreguard","Valencia",38.94,-0.1397,43.1,-41.7,no,no,sí
46714,A,"Palmera","Palmera","Valencia",38.9417,-0.1535,42.3,-42.3,no,no,no
46715,A,"Alqueria De La Comtessa, L'/Alqueria De La Condesa","Alqueria de la Comtessa, l'","Valencia",38.9333,-0.15,43.3,-41.3,no,no,no
46716,A,"Rafelcofer","Rafelcofer","Valencia",38.9322,-0.1677,42.7,-41.7,no,no,no
46717,A,"La Font D'En Carros","Casinos","Valencia",39.6993,-0.7077,54.5,-22.3,no,no,sí
46720,A,"Villalonga","Villalonga","Valencia",38.8857,-0.2079,46.2,-36.8,no,no,no
46721,A,"Potries","Potríes","Valencia",38.9151,-0.1946,43.5,-40.2,no,no,no
46722,A,"Benifla; Beniarjo","Beniflá","Valencia",38.9303,-0.18225,42.4,-42.0,no,no,no
46723,A,"Almoines","Almoines","Valencia",38.9445,-0.1808,41.0,-43.4,no,no,no
46724,A,"Palma De Gandia","Palma de Gandía","Valencia",38.9267,-0.2203,41.5,-41.2,no,no,no
46725,A,"Rotova; Alfauir","Alfauir","Valencia",38.9302,-0.25475000000000003,40.2,-41.2,no,no,no
46726,A,"Almisera; Castellonet De La Conquesta; Llocnou De Sant Jeroni","Castellonet de la Conquesta","Valencia",38.9167,-0.2833,41.1,-39.4,no,no,no
46727,A,"Real De Gandia","Real de Gandía","Valencia",38.9482,-0.1924,40.2,-43.9,no,no,no
46728,A,"Marchuquera; Gandia","Gandia","Valencia",38.97895,-0.213,36.3,-47.0,no,no,no
46729,A,"Montecorona (Urbanitzacio); Ador","Ador","Valencia",38.804950000000005,-0.0645,59.4,-25.4,no,no,no
46730,A,"Gandia; Moli Santa Maria; Puerto De Gandia","Gandia","Valencia",38.975,-0.16665,38.5,-46.1,no,no,no
46740,A,"Carcaixent","Carcaixent","Valencia",39.1221,-0.4471,18.2,-53.8,no,no,no
46749,A,"Cogullada","Carcaixent","Valencia",39.1221,-0.4471,18.2,-53.8,no,no,sí
46750,A,"Simat De La Valldigna","Simat de la Valldigna","Valencia",39.0333,-0.3167,27.8,-51.8,no,no,no
46758,A,"La Drova; Barx; La Puigmola","Barx","Valencia",39.01055,-0.29359999999999997,30.7,-49.6,no,no,no
46759,A,"Corrales De Valldigna","","Valencia",39.0179,-0.3001,29.8,-50.3,no,no,sí
46760,A,"Tavernes De La Valldigna, De (Playa); Tavernes De La Valldigna","Tavernes de la Valldigna","Valencia",39.0667,-0.2667,25.5,-56.0,no,no,no
46770,A,"Xeraco","Xeraco","Valencia",39.0327,-0.2164,30.8,-52.9,no,no,no
46780,A,"Oliva","Oliva","Valencia",38.919,-0.1183,46.0,-38.8,no,no,no
46790,A,"Xeresa","Xeresa","Valencia",39.0103,-0.2167,33.0,-50.4,no,no,no
46791,A,"Benifairo De La Valldigna","Benifairó de la Valldigna","Valencia",39.055,-0.3033,25.7,-54.3,no,no,no
46792,A,"Barraca D'Aigues Vives","Alzira","Valencia",39.1518,-0.4333,14.7,-54.7,no,no,sí
46800,A,"Xativa; Torre De Lloris; Anahuir; Sorio","Xàtiva","Valencia",38.99465,-0.5229,33.7,-45.3,no,no,no
46810,A,"Enguera","Enguera","Valencia",38.9791,-0.6881,42.4,-34.3,no,no,no
46811,A,"Navalon De Abajo; Navalon De Arriba","Enguera","Valencia",38.9229,-0.87485,58.0,-18.7,no,no,no
46812,A,"Aielo De Malferit","Aielo de Malferit","Valencia",38.8833,-0.5833,47.2,-32.4,no,no,no
46813,A,"Cerda","Canals","Valencia",38.9833,-0.5667,36.4,-43.5,no,no,no
46814,A,"Llanera De Ranes; Torrella","Granja de la Costera, la","Valencia",38.99185,-0.57335,35.8,-44.1,no,no,no
46815,A,"La Llosa De Ranes","Llosa de Ranes, la","Valencia",38.9707,-0.6399,40.7,-38.1,no,no,sí
46816,A,"Torrent De Fenollet; Rotgla I Corbera","Rotglà i Corberà","Valencia",39.0046,-0.5648,34.2,-44.7,no,no,no
46817,A,"Estubeny","Estubeny","Valencia",39.0174,-0.6238,35.6,-39.5,no,no,no
46818,A,"La Granja De La Costera; Valles","Vallés","Valencia",38.9916,-0.5605,35.3,-44.5,no,no,no
46819,A,"Novele/Novetle","Novelé/Novetlè","Valencia",38.9707,-0.6399,40.7,-38.1,no,no,sí
46820,A,"Barrio Fuente Negra; Anna","Anna","Valencia",39.0211,-0.6466,36.5,-37.5,no,no,no
46821,A,"Chella","Chella","Valencia",39.0424,-0.66,35.4,-36.2,no,no,no
46822,A,"Bolbaite","Bolbaite","Valencia",39.0608,-0.6741,34.8,-34.8,no,no,no
46823,A,"Navarres","Navarrés","Valencia",39.102,-0.6947,33.2,-32.7,no,no,no
46824,A,"Quesa","Quesa","Valencia",39.1168,-0.7386,35.5,-28.8,no,no,no
46825,A,"Bicorp","Bicorp","Valencia",39.1316,-0.7873,38.5,-24.4,no,no,no
46830,A,"Beniganim","Benigànim","Valencia",38.95,-0.4333,36.7,-41.4,no,no,no
46837,A,"Quatretonda","Quatretonda","Valencia",38.9459,-0.402,37.0,-41.3,no,no,no
46838,A,"Llutxent; Benicolet; Pinet","Benicolet","Valencia",38.9419,-0.3465,37.5,-41.4,no,no,no
46839,A,"Sempere; Guadasequies; Bellus; Benisuera","Benisuera","Valencia",38.9225,-0.4831,40.5,-37.8,no,no,no
46840,A,"La Pobla Del Duc","Pobla del Duc, la","Valencia",38.8824,-0.3386,44.2,-35.0,no,no,sí
46841,A,"Castello De Rugat","Castelló de Rugat","Valencia",38.8833,-0.3667,43.9,-34.8,no,no,no
46842,A,"Rugat; Terrateig; Montitxelvo/Montichelvo; Aielo De Rugat","Aielo de Rugat","Valencia",38.8833,-0.3203,44.2,-35.3,no,no,no
46843,A,"Salem; Rafol De Salem","Salem","Valencia",38.8601,-0.39065,46.5,-32.0,no,no,no
46844,A,"Beniatjar; Otos","Beniatjar","Valencia",38.85055,-0.43005,47.7,-30.5,no,no,no
46850,A,"Olleria, L'","Olleria, l'","Valencia",38.9395,-0.5214,39.5,-39.2,no,no,sí
46860,A,"Albaida","Albaida","Valencia",38.84,-0.5193,50.1,-28.3,no,no,no
46868,A,"Belgida","Bèlgida","Valencia",38.85,-0.4667,48.1,-30.0,no,no,no
46869,A,"Atzeneta D'Albaida; Benisoda; Carricola","Atzeneta d'Albaida","Valencia",38.8333,-0.5,50.5,-27.8,no,no,no
46870,A,"Ontinyent","Ontinyent","Valencia",38.8223,-0.607,54.2,-25.4,no,no,no
46880,A,"Bocairent","Bocairent","Valencia",38.7657,-0.6118,60.3,-19.2,no,no,no
46890,A,"Agullent","Agullent","Valencia",38.8231,-0.5502,52.6,-26.2,no,no,no
46891,A,"Bufali; El Palomar","Bufali","Valencia",38.8681,-0.5148,47.0,-31.5,no,no,no
46892,A,"Montaverner","Montaverner","Valencia",38.8881,-0.4937,44.4,-33.9,no,no,sí
46893,A,"Alfarrasi","Alfarrasí","Valencia",38.9,-0.5,43.2,-35.1,no,no,no
46894,A,"Alboy; Genoves","Genovés","Valencia",38.98175,-0.47819999999999996,33.9,-44.3,no,no,no
46900,A,"Torrent; El Realon","Torrent","Valencia",39.4353,-0.469,19.0,-55.6,no,no,no
46901,A,"El Vedat De Torrente","Torrent","Valencia",39.4353,-0.469,19.0,-55.6,no,no,sí
46909,A,"Juez, Del (Masia)","Torrent","Valencia",39.4333,-0.5167,20.7,-51.8,no,no,no
46910,A,"Lugar Nuevo De La Corona; Sedavi; Benetusser; Alfafar","Alfafar","Valencia",39.42,-0.38849999999999996,15.8,-61.4,no,no,no
46920,A,"Mislata","Mislata","Valencia",39.4722,-0.4112,21.7,-58.1,no,no,no
46930,A,"Quart De Poblet; Barrio Jose Artesano; Barrio De Porta","Quart de Poblet","Valencia",39.4814,-0.4394,23.1,-55.6,no,no,no
46940,A,"Aeropuerto De Manises (Valencia); La Presa; Collado (Partida); Manises","Manises","Valencia",39.50765,-0.48865000000000003,27.1,-50.5,no,no,no
46950,A,"Xirivella","Xirivella","Valencia",39.4641,-0.4302,21.1,-57.5,no,no,no
46960,A,"Aldaia; Barrio Del Cristo","Aldaia","Valencia",39.47125,-0.46295,22.6,-54.8,no,no,no
46970,A,"Alaquas","Alaquàs","Valencia",39.4557,-0.461,20.9,-56.1,no,no,no
46980,A,"Paterna; Cruz De Gracia","Paterna","Valencia",39.5036,-0.4421,25.6,-53.8,no,no,no
46988,A,"Poligono Fuente Del Jarro","Paterna","Valencia",39.516999999999996,-0.4627,27.4,-51.5,no,no,sí
46989,A,"Terramelar","Paterna","Valencia",39.516999999999996,-0.4627,27.4,-51.5,no,no,sí
